町コード,区,町名,総数,0-4歳,5-9歳,10-14歳,15-19歳,20-24歳,25-29歳,30-34歳,35-39歳,40-44歳,45-49歳,50-54歳,55-59歳,60-64歳,65-69歳,70-74歳,75-79歳,80-84歳,85歳以上,世帯数
21000,葵区,追手町,183,5,2,5,4,3,3,9,15,13,8,8,12,14,24,14,18,19,7,111
21010,葵区,城内町,97,4,5,2,5,4,3,5,4,2,2,11,7,8,8,6,6,5,10,48
21020,葵区,駿府町,150,4,7,5,4,6,2,5,7,17,11,11,9,11,10,16,4,14,7,74
21040,葵区,西草深町,1247,37,47,46,50,58,33,48,78,92,89,65,83,99,109,96,66,55,96,580
21050,葵区,東草深町,590,11,25,33,21,20,20,14,29,39,64,33,38,36,45,40,45,36,41,263
21060,葵区,水落町,806,15,33,36,35,27,24,37,43,60,64,39,52,61,80,57,38,39,66,376
21070,葵区,城東町,1837,39,67,74,74,65,48,60,92,130,127,126,89,133,190,136,129,104,154,808
21080,葵区,緑町,1004,28,67,63,58,32,42,29,56,90,91,69,68,61,74,49,30,39,58,407
21090,葵区,西千代田町,1576,62,76,58,63,76,76,76,103,101,103,93,122,111,123,99,66,64,104,692
21201,葵区,鷹匠一丁目,399,7,8,14,16,13,21,11,20,33,43,30,25,25,39,27,21,19,27,215
21202,葵区,鷹匠二丁目,1307,45,62,43,67,45,69,65,88,110,109,95,86,76,97,71,60,54,65,673
21203,葵区,鷹匠三丁目,851,25,24,31,26,44,45,60,60,63,69,64,52,46,62,41,54,27,58,460
21210,葵区,東鷹匠町,939,25,38,35,36,49,34,43,36,63,65,65,95,61,71,52,49,40,82,455
21220,葵区,横内町,452,13,15,22,17,39,16,19,18,37,39,32,24,25,26,24,31,27,28,230
21230,葵区,太田町,277,8,6,12,16,17,9,9,19,22,32,20,19,14,17,16,12,17,12,147
21240,葵区,巴町,306,6,9,8,12,20,20,13,11,18,22,24,21,24,30,16,19,12,21,147
21250,葵区,瓦場町,672,34,40,23,26,34,26,36,44,53,56,50,42,31,39,38,35,31,34,279
21260,葵区,春日町,317,9,19,22,12,11,13,19,10,34,27,20,12,21,18,21,14,12,23,138
21261,葵区,春日一丁目,276,7,7,6,12,19,29,23,13,12,23,27,18,12,12,12,16,11,17,152
21262,葵区,春日二丁目,627,16,13,19,9,30,34,31,40,43,32,32,49,45,53,47,48,50,36,359
21263,葵区,春日三丁目,922,28,29,38,43,42,41,37,41,79,87,73,60,68,84,55,40,40,37,459
21270,葵区,音羽町,1232,47,49,41,51,59,62,43,70,85,107,79,94,79,99,63,64,58,82,595
21280,葵区,相生町,550,17,18,25,24,22,29,20,28,49,47,34,32,38,40,37,26,26,38,270
21290,葵区,横田町,590,9,13,18,22,32,27,28,31,38,31,29,40,41,71,46,39,28,47,292
21300,葵区,東町,294,13,24,13,14,19,6,14,26,37,35,20,10,15,13,17,9,7,2,130
21310,葵区,日出町,235,3,8,7,6,12,30,15,11,16,18,13,9,13,16,15,15,12,16,144
21320,葵区,伝馬町,734,22,24,36,19,34,37,38,58,54,70,47,43,43,76,43,40,26,24,378
21330,葵区,栄町,77,0,2,0,0,5,1,8,8,6,8,3,5,8,9,3,3,5,3,56
21340,葵区,御幸町※秘8,166,4,1,6,9,2,3,4,7,9,21,14,16,11,17,10,12,11,9,85
21401,葵区,呉服町一丁目,514,39,34,21,17,10,15,18,44,63,72,33,28,25,25,24,13,14,19,239
21402,葵区,呉服町二丁目,99,2,1,5,3,1,2,4,3,5,6,6,3,11,8,11,13,6,9,53
21411,葵区,両替町一丁目,388,8,10,11,5,9,35,17,27,24,25,21,31,35,40,29,19,14,28,256
21412,葵区,両替町二丁目,57,0,0,0,0,3,2,0,2,1,2,2,6,6,12,4,3,6,8,28
21420,葵区,七間町,654,36,28,11,19,26,33,46,58,48,56,53,55,37,45,25,27,23,28,367
21430,葵区,紺屋町,124,2,4,1,3,6,7,4,6,12,8,4,6,8,15,7,12,6,13,69
21440,葵区,昭和町,174,9,8,2,7,12,11,19,17,12,13,11,7,8,15,9,9,1,4,107
21451,葵区,常磐町一丁目,103,2,5,1,4,2,4,7,3,9,9,11,5,6,9,5,12,3,6,56
21452,葵区,常磐町二丁目,575,16,19,19,26,23,31,35,46,50,39,41,43,36,49,36,20,19,27,334
21453,葵区,常磐町三丁目,355,19,12,5,7,14,17,26,29,29,32,32,24,30,32,14,12,8,13,190
21460,葵区,西門町,239,10,10,9,5,13,15,18,21,19,17,7,14,12,23,21,12,8,5,133
21470,葵区,駿河町,199,8,8,1,8,9,26,20,26,17,13,11,7,11,14,8,1,6,5,125
21481,葵区,人宿町一丁目,177,4,3,2,4,8,13,13,10,15,13,11,11,12,18,13,9,9,9,115
21482,葵区,人宿町二丁目,220,4,5,2,3,9,21,17,17,17,17,14,16,12,22,12,13,9,10,143
21490,葵区,上石町,167,3,6,7,3,9,11,13,8,10,10,6,8,20,14,12,6,6,15,85
21500,葵区,梅屋町,262,2,5,4,12,15,29,15,14,12,20,14,21,16,27,10,12,21,13,149
21601,葵区,駒形通一丁目,560,10,9,16,25,14,33,33,22,56,39,53,40,43,65,31,22,23,26,321
21602,葵区,駒形通二丁目,323,7,5,5,4,20,23,20,15,17,20,11,28,35,44,21,15,19,14,186
21603,葵区,駒形通三丁目,224,11,6,2,3,19,14,18,18,15,14,12,14,15,15,8,14,10,16,127
21604,葵区,駒形通四丁目,741,21,17,18,33,30,43,31,34,52,59,55,39,50,71,43,52,48,45,409
21605,葵区,駒形通五丁目,612,14,20,21,16,20,34,37,34,41,40,44,42,43,64,39,36,31,36,305
21606,葵区,駒形通六丁目,754,13,13,22,34,32,34,29,31,40,62,42,58,57,71,56,58,50,52,364
21610,葵区,双葉町,252,2,7,13,12,10,7,8,16,13,11,13,20,19,33,23,16,14,15,130
21621,葵区,川辺町一丁目,275,10,4,8,7,19,31,17,17,17,23,18,13,17,18,20,15,8,13,155
21622,葵区,川辺町二丁目,399,6,11,9,9,31,42,33,28,27,34,22,22,29,32,14,12,12,26,285
21630,葵区,天王町,254,6,4,10,10,32,30,13,14,23,13,18,13,10,13,14,9,10,12,166
21640,葵区,吉野町,517,11,10,19,19,34,47,41,32,45,47,46,27,24,33,20,29,17,16,298
21650,葵区,桜木町,119,2,1,1,2,1,5,9,7,4,8,11,8,10,8,8,12,9,13,70
21660,葵区,清閑町,481,7,13,18,20,36,25,19,27,32,42,23,34,42,50,27,24,17,25,236
21671,葵区,弥勒一丁目,261,4,9,9,10,6,6,10,10,17,20,18,21,19,25,17,29,13,18,108
21672,葵区,弥勒二丁目,552,17,19,15,19,24,25,26,28,37,36,29,38,44,52,47,26,28,42,280
21681,葵区,南安倍一丁目,387,14,14,16,11,9,22,24,22,43,25,22,23,37,29,25,18,12,21,193
21682,葵区,南安倍二丁目,230,11,2,7,15,10,11,15,15,18,18,8,17,11,27,14,12,10,9,99
21801,葵区,本通一丁目,63,0,1,1,2,1,6,6,4,6,6,6,7,5,4,1,4,2,1,49
21802,葵区,本通二丁目,102,1,4,2,5,3,4,3,4,10,5,9,8,7,10,9,6,3,9,57
21803,葵区,本通三丁目,156,11,7,4,1,8,9,12,13,11,12,12,9,9,5,11,10,8,4,79
21804,葵区,本通四丁目,70,0,0,5,1,3,5,3,2,3,8,4,6,2,6,9,6,4,3,32
21805,葵区,本通五丁目,106,0,0,1,2,11,19,9,5,7,7,7,9,4,0,4,12,6,3,70
21806,葵区,本通六丁目,217,7,4,6,8,10,7,9,10,17,20,18,9,26,14,18,13,10,11,112
21807,葵区,本通七丁目,347,2,7,7,12,28,32,12,13,13,17,33,33,19,30,22,26,22,19,175
21808,葵区,本通八丁目,188,9,3,8,7,7,15,15,9,15,9,13,10,18,12,9,9,6,14,84
21809,葵区,本通九丁目,144,3,1,0,10,10,7,3,3,5,13,9,10,14,16,6,11,12,11,61
21810,葵区,本通十丁目,222,11,4,3,9,12,15,10,11,12,17,20,17,14,20,12,12,14,9,90
21820,葵区,本通西町,99,1,2,3,4,6,5,6,3,6,2,10,6,14,10,3,4,7,7,52
21831,葵区,新通一丁目,731,26,16,23,19,27,30,47,32,48,59,55,50,45,67,48,49,42,48,367
21832,葵区,新通二丁目,239,4,5,6,16,14,12,6,2,16,22,21,25,20,16,16,14,14,10,105
21840,葵区,川越町,244,6,7,4,10,11,7,19,9,13,14,12,23,20,28,15,12,16,18,116
21850,葵区,屋形町,165,4,6,6,4,11,3,4,10,13,10,12,7,15,11,15,15,8,11,85
21860,葵区,大工町,128,3,2,3,7,4,8,7,5,5,7,7,5,9,18,7,9,8,14,58
21870,葵区,大鋸町,186,10,7,7,8,16,18,11,15,15,12,9,6,8,18,9,6,5,6,102
21880,葵区,通車町,287,9,8,8,13,10,9,12,21,20,21,14,16,28,25,25,14,18,16,118
21890,葵区,幸町,1050,26,38,37,31,38,48,45,59,71,57,67,85,88,94,66,64,63,73,502
22001,葵区,田町一丁目,1192,44,60,45,50,33,42,61,76,89,91,65,73,61,96,76,85,67,78,494
22002,葵区,田町二丁目,1367,49,68,65,59,55,57,63,72,88,99,85,91,86,103,91,84,73,79,566
22003,葵区,田町三丁目,1025,53,61,45,38,39,32,55,55,93,60,50,47,83,88,54,71,53,48,432
22004,葵区,田町四丁目,953,46,42,30,31,36,42,52,56,64,53,58,71,60,87,48,59,56,62,403
22005,葵区,田町五丁目,752,25,29,23,30,33,39,21,32,47,46,52,49,54,75,60,47,44,46,346
22006,葵区,田町六丁目,450,8,11,20,27,17,16,22,16,24,31,29,34,27,45,33,35,25,30,194
22007,葵区,田町七丁目,493,17,23,17,26,23,14,28,33,41,37,20,33,39,36,30,24,18,34,208
22010,葵区,南田町,206,5,7,4,11,10,9,9,10,15,17,10,15,12,19,13,23,10,7,80
22210,葵区,一番町,634,23,18,12,20,25,24,37,42,45,36,40,38,47,61,41,43,35,47,328
22220,葵区,二番町,779,42,25,33,35,21,39,45,57,63,64,55,45,51,63,37,39,31,34,363
22230,葵区,三番町,879,27,36,19,26,37,36,42,59,49,50,56,62,70,75,65,59,59,52,421
22240,葵区,四番町,382,7,16,8,9,15,23,21,24,21,20,13,29,21,51,27,23,23,31,206
22250,葵区,五番町,367,7,11,16,17,14,19,14,13,30,23,21,20,24,32,23,18,37,28,155
22260,葵区,六番町,319,10,8,15,8,21,12,15,21,25,21,17,18,27,41,25,12,10,13,141
22270,葵区,七番町,264,8,13,9,6,10,10,8,18,12,17,12,26,20,25,21,19,14,16,117
22280,葵区,八番町,292,8,8,13,8,12,4,13,16,18,20,19,16,31,27,29,15,13,22,130
22300,葵区,上新富町,184,3,1,5,4,6,2,4,10,15,9,16,10,9,22,15,23,13,17,95
22311,葵区,新富町一丁目,184,4,10,8,3,4,7,13,13,14,8,6,11,23,20,10,11,8,11,95
22312,葵区,新富町二丁目,308,4,12,13,15,9,12,15,13,15,20,25,16,25,32,21,15,20,26,124
22313,葵区,新富町三丁目,347,10,7,15,10,12,25,13,15,24,14,16,28,37,30,26,19,18,28,169
22314,葵区,新富町四丁目,228,4,6,7,14,9,4,11,11,15,15,15,10,20,24,14,18,15,16,109
22315,葵区,新富町五丁目,284,7,6,3,12,10,12,15,11,23,14,23,18,18,31,28,19,21,13,131
22316,葵区,新富町六丁目,217,11,6,7,6,11,10,20,17,16,8,16,11,9,25,11,14,11,8,100
22400,葵区,中町,52,1,0,0,3,2,6,7,3,1,3,2,5,2,6,2,3,3,3,36
22410,葵区,馬場町,650,10,14,22,29,29,37,22,41,48,52,54,53,45,54,49,25,32,34,342
22420,葵区,富士見町,56,1,0,1,2,3,1,1,3,5,3,1,5,5,5,6,7,4,3,25
22430,葵区,金座町,115,2,3,2,1,8,12,7,6,10,5,9,6,10,10,4,5,7,8,78
22440,葵区,研屋町,262,11,8,2,9,12,23,21,17,26,18,21,17,11,10,18,13,11,14,150
22450,葵区,錦町,206,4,4,8,4,8,12,17,9,7,12,12,14,17,30,9,9,15,15,104
22461,葵区,茶町一丁目,87,4,3,3,2,1,8,8,10,8,6,5,5,9,4,4,1,2,4,49
22462,葵区,茶町二丁目,99,8,2,3,6,4,9,7,8,9,7,8,7,1,3,7,6,3,1,52
22470,葵区,車町,188,3,2,6,5,11,18,12,8,13,15,7,14,12,12,12,11,10,17,113
22480,葵区,八千代町,635,19,20,11,21,32,26,34,31,42,31,40,45,57,82,41,32,33,38,321
22490,葵区,上桶屋町,83,5,0,0,3,3,11,15,7,1,8,4,5,4,2,2,2,5,6,46
22500,葵区,土太夫町,116,2,4,2,3,4,3,10,2,5,8,6,15,8,15,10,6,8,5,62
22510,葵区,柚木町,20,0,0,2,0,1,1,0,2,2,0,0,0,3,1,3,1,0,4,10
22520,葵区,葵町,213,2,4,12,8,7,13,11,11,9,17,15,10,14,18,14,20,14,14,104
22531,葵区,住吉町一丁目,158,6,7,5,6,13,9,7,9,11,7,8,11,16,16,8,5,6,8,79
22532,葵区,住吉町二丁目,227,9,4,2,12,13,13,13,11,9,13,22,15,6,17,15,14,10,29,124
22540,葵区,宮ヶ崎町,434,12,12,13,30,21,22,23,21,28,39,31,28,27,36,20,26,22,23,197
22550,葵区,安倍町,252,13,17,9,11,8,6,13,11,19,34,19,20,17,16,6,8,14,11,103
22560,葵区,片羽町,282,6,7,4,9,11,10,16,14,14,13,18,19,23,31,25,21,21,20,137
22571,葵区,安西一丁目,291,5,11,11,8,11,15,13,8,15,31,12,20,30,25,21,26,13,16,139
22572,葵区,安西二丁目,140,7,7,6,2,1,9,13,8,12,11,11,8,7,7,9,10,6,6,74
22573,葵区,安西三丁目,108,0,0,2,2,3,6,5,5,6,2,13,7,18,13,6,6,3,11,62
22574,葵区,安西四丁目,269,7,9,10,9,5,12,16,6,26,20,17,18,14,20,21,16,30,13,121
22575,葵区,安西五丁目,565,16,17,23,20,17,25,19,36,49,40,38,32,31,54,54,33,31,30,263
22580,葵区,北番町,737,23,38,30,28,33,24,34,45,55,48,36,59,46,57,46,43,46,46,341
22600,葵区,井宮町,1551,40,60,57,59,57,53,64,63,77,90,87,118,103,167,117,103,102,134,739
22610,葵区,材木町,164,5,9,4,3,6,8,8,6,13,10,7,10,9,18,14,6,12,16,80
22620,葵区,末広町,561,12,13,6,14,37,34,20,29,30,26,34,35,46,78,45,39,38,25,286
22630,葵区,神明町,1141,26,38,48,57,48,31,50,55,78,93,68,89,83,115,81,58,55,68,511
22640,葵区,若松町,1196,51,47,65,68,37,53,78,67,100,86,69,70,65,105,57,70,47,61,526
22650,葵区,柳町,2292,152,173,108,67,76,93,159,201,205,174,134,95,120,140,101,101,82,111,939
22660,葵区,水道町,899,25,22,30,41,35,43,61,37,66,55,69,68,75,71,61,46,39,55,429
22670,葵区,辰起町,785,30,31,43,44,30,32,39,50,51,61,62,51,46,62,40,50,42,21,355
22681,葵区,平和一丁目,1024,41,35,52,56,48,33,50,54,73,89,82,56,65,56,53,76,47,58,423
22682,葵区,平和二丁目,1387,39,42,47,62,55,62,63,60,91,101,100,92,92,106,83,122,102,68,621
22683,葵区,平和三丁目,1201,49,59,55,63,56,63,65,78,88,100,89,68,69,72,56,78,57,36,522
22690,葵区,籠上,1987,80,98,86,92,90,103,93,123,144,146,148,131,103,132,95,117,114,92,857
22700,葵区,美川町,774,13,20,23,18,32,24,28,43,49,43,57,65,68,93,74,48,35,41,409
22800,葵区,長谷町,213,8,9,13,13,3,4,7,17,8,17,12,15,7,17,15,19,14,15,97
22811,葵区,浅間町一丁目,225,6,7,13,6,6,6,14,8,16,18,12,12,13,27,21,14,9,17,98
22812,葵区,浅間町二丁目,299,14,26,15,14,12,7,22,16,33,16,15,10,27,22,13,12,8,17,120
22820,葵区,安東柳町,148,5,8,3,7,5,6,5,5,9,14,8,9,12,14,11,11,5,11,68
22830,葵区,丸山町,299,8,15,14,18,8,11,13,17,26,26,14,22,13,29,14,20,18,13,124
22840,葵区,大岩宮下町,157,13,7,6,7,6,7,12,12,8,19,5,8,5,13,8,7,5,9,65
22850,葵区,大岩本町,1593,65,96,75,61,75,59,74,105,115,116,91,94,99,120,85,86,70,107,701
22861,葵区,大岩一丁目,1043,55,58,70,73,57,44,46,62,69,112,89,68,59,48,29,35,40,29,387
22862,葵区,大岩二丁目,2165,87,107,112,101,105,98,121,113,154,163,159,164,109,121,100,105,128,118,920
22863,葵区,大岩三丁目,1752,46,84,103,97,82,68,89,108,140,139,118,118,113,126,97,85,69,70,736
22864,葵区,大岩四丁目,1595,68,73,85,92,56,61,104,104,128,125,109,92,74,123,95,81,71,54,688
22866,葵区,大岩町,1289,32,70,73,60,63,75,74,65,106,107,77,89,68,95,72,57,56,50,610
23001,葵区,安東一丁目,1586,68,76,76,76,57,67,88,107,111,129,105,73,101,121,91,92,62,86,722
23002,葵区,安東二丁目,2072,79,111,118,98,100,96,104,108,162,182,147,134,127,151,96,94,81,84,850
23003,葵区,安東三丁目,1844,89,111,110,96,82,73,80,119,168,155,132,131,98,86,81,61,87,85,776
23011,葵区,北安東一丁目,2164,63,103,107,150,98,97,78,122,160,202,177,140,111,135,110,114,109,88,902
23012,葵区,北安東二丁目,1984,83,82,119,136,102,88,103,111,156,175,164,117,108,113,85,74,90,78,819
23013,葵区,北安東三丁目,1882,93,105,100,100,97,89,103,125,142,172,138,129,90,125,92,72,64,46,767
23014,葵区,北安東四丁目,1561,52,72,85,68,79,55,65,95,103,130,111,112,82,106,92,93,89,72,663
23015,葵区,北安東五丁目,2571,99,93,127,152,137,122,155,149,151,170,192,143,169,177,140,148,116,131,1129
23020,葵区,城北,365,7,14,15,14,19,27,19,28,34,25,29,27,30,21,15,11,14,16,197
23022,葵区,城北二丁目,1248,41,44,61,53,58,53,68,86,83,76,76,75,78,100,92,84,67,53,551
23200,葵区,上足洗,24,0,2,1,2,2,1,2,0,2,1,2,3,1,1,2,0,2,0,12
23201,葵区,上足洗一丁目,1243,49,53,69,63,52,39,61,83,80,102,90,101,66,103,69,50,44,69,533
23202,葵区,上足洗二丁目,1452,92,82,61,73,57,63,96,96,93,99,83,95,91,104,60,67,56,84,607
23203,葵区,上足洗三丁目,1581,68,62,70,69,77,73,81,105,127,111,94,121,101,105,66,98,78,75,682
23204,葵区,上足洗四丁目,981,56,43,38,61,39,66,56,76,64,75,63,69,58,57,42,39,37,42,411
23210,葵区,千代田,47,0,0,0,4,4,1,0,1,2,3,5,4,6,2,5,1,6,3,21
23211,葵区,千代田一丁目,632,23,20,29,31,21,30,41,33,26,53,44,43,49,51,41,44,23,30,289
23212,葵区,千代田二丁目,1081,77,48,46,46,68,88,70,74,74,73,63,54,50,57,48,66,46,33,489
23213,葵区,千代田三丁目,650,27,23,43,28,28,23,38,33,42,52,56,45,25,36,37,40,33,41,274
23214,葵区,千代田四丁目,679,26,15,12,32,24,38,45,31,41,49,44,53,52,68,40,36,34,39,315
23215,葵区,千代田五丁目,1172,61,55,54,66,63,67,77,79,76,105,85,75,54,76,49,36,57,37,477
23216,葵区,千代田六丁目,1200,63,59,64,65,51,55,62,79,106,86,74,87,56,84,66,39,47,57,525
23217,葵区,千代田七丁目,897,43,46,41,44,45,48,46,62,83,88,65,52,51,77,32,35,22,17,379
23221,葵区,東千代田一丁目,1111,48,56,49,61,68,57,49,70,95,82,71,68,67,71,60,68,39,32,466
23222,葵区,東千代田二丁目,1174,44,32,31,54,49,39,60,49,79,76,77,45,61,103,85,115,109,66,615
23223,葵区,東千代田三丁目,338,26,21,13,19,26,35,28,30,40,22,18,15,13,12,6,9,3,2,156
23231,葵区,竜南一丁目,1443,64,89,60,66,48,55,94,110,131,102,101,92,100,96,68,66,47,54,647
23232,葵区,竜南二丁目,72,1,1,2,3,7,8,2,1,12,6,9,4,2,3,5,2,2,2,36
23233,葵区,竜南三丁目,1074,44,61,87,57,56,55,60,85,108,88,75,72,67,59,38,34,12,16,442
23400,葵区,銭座町,672,26,20,19,23,44,40,26,37,30,47,40,54,46,64,37,29,38,52,337
23410,葵区,上沓谷町,223,3,11,10,13,7,9,12,12,9,10,20,12,22,16,9,16,15,17,87
23420,葵区,沓谷,79,4,2,3,6,2,6,4,4,7,3,3,6,7,10,5,2,3,2,28
23421,葵区,沓谷一丁目,1679,71,80,80,70,65,79,73,94,111,125,112,111,108,125,82,78,92,123,728
23422,葵区,沓谷二丁目,519,19,18,24,24,25,30,26,24,27,36,36,46,21,27,31,46,32,27,219
23423,葵区,沓谷三丁目,401,17,15,11,11,17,19,33,29,23,35,18,26,26,33,20,23,19,26,181
23424,葵区,沓谷四丁目,820,25,48,42,29,42,46,30,54,52,52,65,52,47,65,52,36,42,41,341
23425,葵区,沓谷五丁目,496,19,27,28,22,40,21,37,34,46,38,39,35,23,25,20,13,17,12,219
23426,葵区,沓谷六丁目,950,51,37,48,48,49,61,65,73,86,79,73,57,51,46,44,37,28,17,445
23600,葵区,柚木,275,25,17,8,9,7,15,35,26,26,24,9,19,11,8,16,9,7,4,119
23610,葵区,宮前町,468,12,11,10,22,36,40,23,27,26,35,23,25,35,45,36,20,22,20,259
23620,葵区,長沼,2625,183,150,107,95,94,115,207,224,253,268,176,131,136,155,87,86,72,86,1158
23624,葵区,長沼一丁目,448,25,20,21,15,26,34,42,19,37,35,28,18,27,23,26,19,19,14,185
23625,葵区,長沼二丁目,876,39,46,47,30,43,51,52,66,90,79,63,40,30,67,53,39,25,16,386
23626,葵区,長沼三丁目,422,13,14,27,22,29,31,20,29,40,51,29,32,32,15,8,13,11,6,207
23631,葵区,古庄一丁目,409,7,7,12,15,29,26,22,30,30,33,29,36,33,34,19,18,11,18,220
23632,葵区,古庄二丁目,736,51,44,32,33,32,27,62,62,52,61,46,42,41,46,33,32,22,18,297
23633,葵区,古庄三丁目,1916,95,85,61,79,93,132,126,125,140,141,102,119,103,140,93,114,88,80,905
23634,葵区,古庄四丁目,968,48,44,39,52,55,56,60,66,81,75,70,48,37,63,43,74,29,28,416
23635,葵区,古庄五丁目,1370,67,63,58,60,57,84,88,112,115,103,82,80,79,95,75,62,48,42,581
23636,葵区,古庄六丁目,653,24,24,21,39,40,26,43,45,46,51,47,49,55,39,28,36,22,18,287
23801,葵区,川合一丁目,728,44,34,28,33,36,47,54,66,50,51,38,44,33,64,31,30,17,28,309
23802,葵区,川合二丁目,1970,78,79,90,93,89,94,100,117,153,168,107,112,127,180,128,124,72,59,835
23803,葵区,川合三丁目,1205,37,70,56,67,65,69,77,76,105,106,78,65,60,103,63,53,28,27,529
23861,葵区,上土一丁目,1452,78,44,45,47,65,96,93,97,108,116,92,71,104,99,93,71,70,63,651
23862,葵区,上土二丁目,1159,42,34,47,49,65,84,81,67,90,65,71,81,77,95,66,52,34,59,524
23870,葵区,南沼上,249,9,15,21,11,8,6,21,29,37,22,12,8,18,13,8,7,1,3,120
23871,葵区,南沼上一丁目,921,28,38,28,50,51,50,48,43,74,77,59,71,45,51,50,72,46,40,393
23872,葵区,南沼上二丁目,735,21,33,30,37,33,41,35,27,48,55,44,53,34,47,63,61,47,26,318
23873,葵区,南沼上三丁目,1146,36,51,44,51,59,60,61,66,80,80,62,66,82,123,80,56,30,59,473
23880,葵区,北沼上,963,22,34,41,34,29,48,46,48,59,60,53,61,77,103,83,66,51,48,391
23890,葵区,長尾,260,7,10,4,8,10,11,18,12,7,9,13,17,26,30,12,12,19,35,128
23900,葵区,平山,283,6,7,6,12,8,8,5,15,18,20,11,18,28,29,20,32,18,22,121
24011,葵区,瀬名川一丁目,2652,149,151,119,116,118,140,182,210,235,213,128,123,152,206,163,108,85,54,1147
24012,葵区,瀬名川二丁目,2215,122,75,93,100,111,168,180,147,178,160,112,117,139,154,116,115,62,66,955
24013,葵区,瀬名川三丁目,1715,90,98,100,88,53,90,144,155,156,115,80,79,85,128,101,70,52,31,716
24100,葵区,瀬名,108,1,0,0,3,3,2,0,1,3,1,1,4,6,3,10,15,22,33,89
24101,葵区,瀬名一丁目,3281,111,131,134,177,175,160,180,192,238,221,179,178,229,313,248,188,121,106,1572
24102,葵区,瀬名二丁目,2014,98,104,93,88,102,104,128,119,179,139,118,120,117,185,111,104,58,47,831
24103,葵区,瀬名三丁目,2538,95,118,112,135,162,119,136,167,196,180,178,150,171,187,139,145,82,66,1039
24104,葵区,瀬名四丁目,554,15,24,22,24,16,30,34,22,51,40,30,36,43,55,45,30,20,17,230
24105,葵区,瀬名五丁目,1400,38,84,89,83,62,42,55,87,136,119,66,76,82,132,102,76,38,33,547
24106,葵区,瀬名六丁目,1682,70,95,86,99,103,106,103,111,161,118,115,104,86,123,76,64,37,25,687
24107,葵区,瀬名七丁目,1663,47,92,99,100,84,58,71,89,168,131,94,97,83,135,93,94,73,55,677
24111,葵区,瀬名中央一丁目,1473,62,66,66,58,61,73,98,91,140,114,66,81,90,143,103,79,40,42,632
24112,葵区,瀬名中央二丁目,925,29,34,28,41,39,28,51,63,72,62,55,59,54,89,92,67,35,27,428
24113,葵区,瀬名中央三丁目,1451,56,86,77,69,61,61,63,116,126,97,66,73,73,112,93,82,74,66,648
24114,葵区,瀬名中央四丁目,790,35,35,27,41,48,40,45,52,64,68,55,51,36,57,58,42,14,22,325
24120,葵区,東瀬名町,711,18,34,52,49,23,11,16,41,72,64,46,33,33,61,61,44,29,24,283
24130,葵区,南瀬名町,1195,43,43,49,41,54,61,83,71,97,89,70,60,70,111,89,84,37,43,541
24140,葵区,西瀬名町,1329,61,31,47,53,49,76,92,88,85,80,61,84,76,143,95,101,54,53,648
24200,葵区,池ヶ谷,458,14,15,19,29,25,27,25,23,30,33,29,48,30,40,19,24,13,15,197
24201,葵区,池ヶ谷東,859,27,30,26,50,45,36,45,47,62,63,61,48,53,67,59,44,55,41,391
24210,葵区,南,744,16,27,30,43,24,26,32,42,48,42,56,47,76,86,45,40,25,39,290
24211,葵区,唐瀬一丁目,1515,54,52,62,72,86,70,78,80,103,122,108,135,120,128,88,60,59,38,656
24212,葵区,唐瀬二丁目,981,40,61,71,40,29,27,40,76,100,78,64,34,56,90,54,62,39,20,399
24213,葵区,唐瀬三丁目,373,9,9,16,21,20,14,19,13,21,19,29,39,22,40,18,27,21,16,140
24220,葵区,有永,622,30,33,26,27,18,27,43,28,42,35,33,42,45,61,34,36,28,34,243
24231,葵区,羽高町※秘11,300,13,8,14,8,15,16,15,13,22,15,13,22,30,30,25,13,6,22,120
24232,葵区,あさはた一丁目,1199,18,42,61,70,60,35,54,60,88,72,71,51,97,136,91,98,71,24,614
24233,葵区,あさはた二丁目,407,10,23,17,17,16,14,17,31,32,20,25,26,19,60,28,21,17,14,167
24240,葵区,北,113,1,1,2,1,3,3,2,5,5,7,5,9,10,20,17,14,5,3,67
24241,葵区,北一丁目,786,30,39,34,35,31,46,53,31,63,53,44,56,50,68,53,43,24,33,316
24242,葵区,北二丁目,1068,24,31,58,44,32,41,34,59,86,81,51,60,67,138,115,71,42,34,452
24243,葵区,北三丁目,1530,48,53,58,59,42,63,79,88,95,96,72,77,115,182,139,127,66,71,695
24244,葵区,北四丁目,902,18,33,43,47,40,30,33,47,85,55,40,46,80,125,80,53,25,22,367
24245,葵区,北五丁目,1021,37,44,53,42,49,51,56,66,95,67,69,74,83,101,49,46,20,19,404
24250,葵区,東,73,0,0,0,0,0,0,0,0,0,0,0,0,0,3,9,5,13,43,72
24251,葵区,東一丁目,846,18,18,27,32,33,33,36,28,49,71,47,44,71,101,79,77,40,42,356
24252,葵区,東二丁目,599,26,26,31,26,24,21,34,40,31,42,46,47,45,56,34,24,27,19,221
24260,葵区,岳美,1278,45,56,56,62,61,54,75,70,101,94,87,81,75,115,92,69,43,42,540
24261,葵区,岳美一丁目,571,21,26,24,24,37,22,28,41,48,40,39,34,42,43,38,31,13,20,249
24270,葵区,芝原,27,2,1,1,0,2,2,2,3,0,1,0,1,4,4,1,2,0,1,8
24280,葵区,赤松※秘1,11,0,0,0,0,1,0,1,0,0,0,1,2,0,2,0,0,1,3,5
24290,葵区,漆山※秘2,111,17,10,4,7,5,11,13,18,7,4,4,5,4,0,1,1,0,0,57
24345,葵区,薬師※秘3,42,3,1,0,0,0,1,3,3,5,5,4,1,0,8,0,5,0,3,26
24401,葵区,昭府一丁目※秘4,1393,65,49,49,74,51,75,78,90,85,109,98,102,86,107,76,97,42,60,582
24402,葵区,昭府二丁目,1504,63,67,88,69,76,67,99,89,112,116,113,90,104,106,56,78,65,46,590
24411,葵区,新伝馬一丁目,682,30,32,28,30,27,35,36,39,76,49,41,37,39,51,52,40,21,19,287
24412,葵区,新伝馬二丁目,1156,77,52,60,54,55,56,86,90,71,103,79,70,60,69,44,51,55,24,461
24413,葵区,新伝馬三丁目,1148,60,51,46,43,65,60,54,80,82,77,85,76,56,89,57,70,49,48,461
24415,葵区,上伝馬,1967,103,73,89,90,106,119,133,125,130,159,117,99,129,149,106,105,70,65,845
24420,葵区,伊呂波町,245,9,10,8,8,13,15,15,13,9,17,17,16,12,25,21,15,12,10,111
24430,葵区,堤町,264,9,15,14,16,12,9,10,20,11,17,18,23,25,18,12,10,8,17,118
24440,葵区,秋山町,889,27,17,33,33,33,24,39,41,49,58,62,60,76,82,51,67,66,71,395
24451,葵区,与一一丁目,1171,59,79,78,62,49,38,75,83,118,92,77,57,51,73,51,68,34,27,445
24452,葵区,与一二丁目,739,20,27,55,54,46,35,36,30,70,69,46,34,37,43,36,44,34,23,295
24453,葵区,与一三丁目,1013,46,61,73,46,41,34,57,66,96,72,52,37,60,82,78,47,34,31,401
24454,葵区,与一四丁目,855,37,45,42,44,34,40,47,55,75,63,49,52,45,65,46,59,33,24,348
24455,葵区,与一五丁目,1049,48,45,50,51,38,67,59,66,94,85,50,51,71,116,60,50,27,21,434
24456,葵区,与一六丁目,706,31,31,33,30,32,14,48,38,71,49,40,50,55,76,41,28,18,21,319
24460,葵区,松富上組,318,34,38,23,17,6,7,32,32,38,28,10,3,10,10,10,8,9,3,98
24461,葵区,松富一丁目,1686,69,71,63,74,74,86,94,86,142,107,102,95,109,165,116,116,68,49,803
24462,葵区,松富二丁目,1141,62,45,50,59,37,84,92,95,76,76,57,63,69,92,65,60,33,26,479
24463,葵区,松富三丁目,638,22,38,31,35,22,34,41,35,61,31,38,49,50,54,29,21,27,20,256
24464,葵区,松富四丁目,533,14,23,24,29,27,25,19,27,37,42,32,27,42,61,42,24,13,25,223
24471,葵区,桜町一丁目,1323,64,77,72,65,54,57,63,91,101,110,96,73,65,99,79,70,47,40,551
24472,葵区,桜町二丁目,929,50,46,36,65,59,37,48,37,67,80,65,51,49,56,51,62,34,36,383
24600,葵区,福田ヶ谷,557,14,27,29,29,15,19,21,28,39,48,29,32,36,64,51,41,17,18,217
24610,葵区,下,1100,27,44,49,47,47,44,54,49,70,65,80,73,85,113,81,76,43,53,402
24620,葵区,門屋,298,10,10,11,15,17,10,14,15,18,27,23,16,19,29,13,12,19,20,105
24630,葵区,牛妻,1319,27,56,62,54,49,41,52,67,82,96,67,88,103,133,118,89,63,72,509
24640,葵区,郷島,236,4,9,9,9,10,6,11,5,9,17,21,22,17,22,13,18,11,23,96
24650,葵区,野田平,70,1,0,3,0,2,3,4,5,3,3,2,1,10,13,3,4,3,10,26
24660,葵区,俵沢,294,7,5,8,7,10,13,8,13,11,20,24,24,16,32,29,31,17,19,116
24670,葵区,油島,53,0,0,1,1,2,4,0,4,4,1,3,3,5,3,5,3,4,10,21
24680,葵区,俵峰,129,1,3,5,3,1,2,9,9,5,7,4,9,19,17,11,4,7,13,50
27000,葵区,牧ヶ谷,1690,88,55,53,61,73,115,140,131,117,104,90,102,101,168,116,90,36,50,728
27010,葵区,産女,462,12,13,20,17,16,19,19,15,30,32,18,28,40,58,58,29,19,19,188
27020,葵区,吉津,595,11,18,12,17,24,19,23,15,36,24,31,22,64,70,40,56,51,62,311
27030,葵区,飯間,594,17,22,15,20,20,15,30,34,46,46,53,40,56,55,43,39,23,20,272
27040,葵区,小瀬戸,284,3,8,7,19,15,12,9,9,8,15,21,37,22,29,18,9,20,23,106
27050,葵区,西又,44,3,1,2,1,1,1,2,2,1,0,4,7,5,4,0,1,2,7,16
27060,葵区,富厚里,522,8,10,16,21,14,19,27,25,31,24,18,34,46,84,46,42,29,28,216
27070,葵区,小布杉,94,1,0,0,2,2,4,4,2,1,1,7,9,12,15,6,7,8,13,47
27080,葵区,奈良間,89,0,2,3,5,3,6,0,0,5,5,4,11,8,8,6,6,10,7,37
27090,葵区,富沢,382,9,10,6,14,10,6,16,16,17,17,11,23,21,33,22,34,39,78,202
27201,葵区,山崎一丁目,803,30,21,15,42,30,34,46,49,59,54,46,52,52,79,61,52,41,40,349
27202,葵区,山崎二丁目,876,34,25,22,41,36,53,53,38,48,71,58,60,74,71,55,54,45,38,400
27210,葵区,千代,28,1,3,1,2,1,1,1,2,1,1,5,0,1,3,1,1,2,1,7
27211,葵区,千代一丁目,1090,30,52,56,36,42,54,59,65,99,81,52,76,97,95,72,57,37,30,494
27212,葵区,千代二丁目,1257,55,42,76,50,53,61,71,101,101,87,61,91,82,124,68,52,42,40,527
27220,葵区,慈悲尾,425,8,14,16,16,20,25,19,19,24,39,34,32,38,39,34,21,15,12,206
27231,葵区,建穂一丁目,1050,52,70,61,55,53,62,57,82,90,78,58,38,55,76,71,44,30,18,404
27232,葵区,建穂二丁目,1049,48,46,50,59,65,53,63,73,71,93,64,54,56,88,65,36,37,28,421
27241,葵区,羽鳥一丁目,908,35,22,39,42,53,39,35,51,71,81,69,46,44,67,72,61,44,37,375
27242,葵区,羽鳥二丁目,1116,54,43,44,52,49,57,77,68,101,86,56,55,70,80,57,86,41,40,525
27243,葵区,羽鳥三丁目,1229,40,66,63,54,59,45,61,87,112,87,83,48,84,120,67,69,48,36,520
27244,葵区,羽鳥四丁目,1241,40,49,50,56,52,46,54,56,90,111,66,77,65,107,112,105,70,35,514
27245,葵区,羽鳥五丁目,1795,67,91,70,92,92,80,118,117,128,141,118,101,92,154,103,109,82,40,731
27246,葵区,羽鳥六丁目,2197,124,144,134,111,108,97,128,181,190,149,114,109,132,163,101,106,55,51,810
27247,葵区,羽鳥七丁目,1424,63,69,56,65,69,69,68,102,108,91,88,92,90,128,86,71,51,58,563
27250,葵区,羽鳥大門町,1090,46,33,42,62,45,40,62,53,74,94,66,41,53,87,101,100,51,40,447
27260,葵区,羽鳥本町,1142,30,54,56,63,30,47,58,59,96,87,63,72,69,126,62,71,46,53,468
27300,葵区,新間,2283,65,72,91,115,90,89,77,117,151,177,121,154,152,219,215,178,107,93,919
27310,葵区,谷津,371,6,5,9,9,15,9,16,15,20,30,17,15,40,49,43,31,18,24,169
27320,葵区,大原,950,35,35,43,33,35,27,60,47,59,44,47,52,102,101,71,62,41,56,350
27330,葵区,水見色,456,8,6,12,24,17,20,19,16,19,14,15,42,46,35,25,26,39,73,200
27400,葵区,与左衛門新田,565,8,11,17,24,22,19,17,31,20,46,23,31,43,71,39,37,36,70,265
27410,葵区,西ヶ谷,190,1,3,4,9,9,11,7,6,8,10,16,11,19,31,9,9,8,19,72
27420,葵区,安倍口新田,1417,46,63,64,63,65,50,63,79,99,114,81,81,104,155,93,116,51,30,545
27430,葵区,安倍口団地,2163,24,42,60,78,61,47,50,94,123,137,116,97,156,325,265,221,174,93,1293
27450,葵区,幸庵新田,432,22,21,17,16,12,16,12,21,45,34,14,17,26,55,45,36,11,12,162
27460,葵区,内牧,2025,53,79,74,75,70,69,85,85,135,139,116,115,140,207,150,193,115,125,858
27470,葵区,中ノ郷,258,8,5,5,7,13,7,7,10,15,16,15,9,26,45,28,20,12,10,107
27480,葵区,遠藤新田,1018,23,40,32,26,38,30,33,71,68,56,56,65,88,101,94,80,59,58,421
27490,葵区,足久保口組,3444,110,193,220,162,95,106,156,219,331,254,147,155,236,368,257,188,111,136,1289
27500,葵区,足久保奥組,568,13,10,11,29,17,16,27,28,33,20,33,46,61,56,54,25,33,56,237
27510,葵区,油山,626,16,26,18,37,30,30,24,31,28,33,39,56,57,56,36,41,31,37,220
27520,葵区,松野,554,14,18,13,22,13,22,25,25,30,31,35,33,60,55,48,38,33,39,219
27530,葵区,津渡野,101,1,1,2,6,2,2,4,8,7,9,3,4,11,13,13,7,5,3,47
28000,葵区,赤沢,65,2,1,4,4,0,0,3,1,1,9,2,3,3,6,6,11,4,5,29
28010,葵区,寺島,84,0,3,0,3,5,3,5,0,3,8,3,8,7,7,2,5,8,14,34
28020,葵区,鍵穴,137,4,3,2,4,5,2,2,9,9,8,7,11,8,15,12,6,13,17,59
28030,葵区,坂本,125,1,2,2,4,6,0,4,3,7,6,6,13,17,10,7,10,11,16,48
28040,葵区,小島,41,0,0,0,0,0,0,3,1,0,2,0,2,7,9,1,5,3,8,21
28050,葵区,昼居渡,87,0,5,1,0,1,4,5,5,1,3,4,11,9,11,2,5,8,12,42
28060,葵区,相俣,244,4,12,13,9,5,9,12,15,11,14,16,20,16,23,19,15,12,19,99
28070,葵区,黒俣,303,2,4,4,10,9,9,8,14,6,15,13,22,40,40,24,23,24,36,141
28080,葵区,杉尾,42,2,2,5,3,1,1,0,2,1,2,2,4,4,1,0,5,1,6,15
28100,葵区,坂ノ上,276,8,2,3,4,9,4,10,14,6,12,17,16,32,27,26,25,20,41,136
28110,葵区,栃沢,72,0,0,0,0,2,1,1,0,2,1,4,8,10,11,2,7,8,15,36
28120,葵区,日向,238,2,8,9,12,8,11,10,4,16,10,12,19,12,27,18,19,16,25,113
28130,葵区,湯ノ島,45,0,0,0,0,0,0,0,1,1,3,0,3,3,7,5,8,6,8,28
28140,葵区,諸子沢,73,2,1,2,1,3,3,2,0,6,2,5,2,3,11,9,7,6,8,29
28150,葵区,楢尾,19,0,0,0,0,0,1,0,0,0,0,0,0,2,7,2,1,3,3,10
28160,葵区,大間,17,0,0,0,0,0,0,1,0,0,0,0,5,1,0,3,1,5,1,10
28170,葵区,崩野,26,0,0,0,0,0,0,1,0,0,0,0,1,0,4,4,8,5,3,17
28200,葵区,中沢,76,0,0,5,6,1,3,2,2,4,5,5,8,5,9,4,5,8,4,26
28201,葵区,桂山,177,1,2,2,7,9,6,1,4,2,10,16,15,14,13,14,23,10,28,84
28202,葵区,落合,180,4,1,4,0,4,11,2,7,11,3,9,24,20,20,9,16,12,23,86
28203,葵区,森腰,56,1,5,3,2,0,1,4,2,2,7,0,3,5,7,3,4,1,6,23
28204,葵区,長熊,93,0,0,3,4,1,2,3,0,4,5,5,9,12,12,7,8,12,6,46
28205,葵区,奥池ヶ谷,13,0,0,0,0,0,0,0,0,0,0,0,1,0,1,3,1,2,5,11
28206,葵区,柿島,75,0,1,0,1,0,1,6,2,5,0,1,5,14,10,4,5,11,9,30
28207,葵区,長妻田,51,0,0,2,0,0,4,3,0,4,0,2,8,8,7,2,2,4,5,25
28208,葵区,油野,7,1,0,0,0,0,0,0,0,2,0,0,0,0,1,1,0,0,2,4
28209,葵区,上落合,24,0,0,0,0,0,0,0,0,3,1,1,1,1,8,1,1,3,4,11
28210,葵区,口仙俣,9,0,0,0,0,0,0,0,0,0,0,0,2,1,2,0,0,0,4,6
28211,葵区,奥仙俣,11,0,0,0,0,0,0,0,0,0,0,0,1,1,1,2,1,2,3,7
28212,葵区,内匠,91,1,0,2,4,2,4,6,2,3,6,4,5,7,9,8,9,3,16,39
28213,葵区,腰越,55,0,0,2,0,2,2,0,0,5,3,1,10,4,2,11,7,1,5,26
28214,葵区,横沢,31,0,0,0,0,0,0,1,0,0,0,2,2,4,5,2,2,6,7,20
28215,葵区,大沢,83,0,4,4,3,1,2,2,5,2,3,6,7,10,5,4,4,7,14,27
28300,葵区,相淵,40,1,0,1,3,1,1,0,3,3,2,2,0,3,7,3,5,2,3,16
28310,葵区,蕨野,25,0,0,1,2,1,1,0,2,0,3,2,1,2,2,0,3,1,4,11
28320,葵区,横山,77,1,2,1,2,4,4,2,2,3,3,5,9,5,6,6,8,5,9,27
28330,葵区,平野,183,5,2,9,3,5,7,7,7,10,7,3,16,20,22,14,7,19,20,69
28340,葵区,中平,47,0,0,0,0,1,2,2,0,1,1,1,2,4,8,4,8,7,6,23
28350,葵区,渡,132,0,0,3,10,4,3,1,3,5,6,3,14,5,9,15,21,15,15,61
28360,葵区,有東木,177,2,0,1,3,2,7,8,8,4,3,8,17,20,22,9,19,24,20,75
28400,葵区,入島,125,0,1,7,9,4,8,2,3,4,7,13,9,8,7,7,11,12,13,52
28410,葵区,梅ヶ島,398,12,11,7,13,13,8,14,10,13,21,21,31,33,48,26,44,31,42,181
28500,葵区,口坂本,15,0,0,0,0,0,0,0,0,0,0,0,0,0,3,1,3,4,4,9
28510,葵区,井川,356,2,4,3,3,14,11,15,9,11,20,18,21,27,37,28,45,41,47,209
28520,葵区,岩崎,12,0,0,0,0,0,0,0,0,0,0,0,1,1,0,0,2,4,4,9
28530,葵区,上坂本,11,0,0,0,0,0,0,0,0,0,0,0,0,2,0,1,3,2,3,9
28540,葵区,田代,95,0,1,2,4,3,0,2,1,1,8,2,6,12,6,8,11,14,14,56
28550,葵区,小河内,33,0,0,0,0,0,0,1,1,0,0,0,2,6,2,2,5,9,5,22
21683,駿河区,南安倍三丁目,778,30,46,35,36,28,36,48,59,77,48,46,33,34,70,35,35,47,35,367
24000,駿河区,弥生町,108,2,3,3,3,2,3,1,8,5,10,6,11,7,10,10,8,5,11,59
24800,駿河区,宮本町,929,29,49,47,29,37,29,45,62,78,72,67,47,65,97,46,47,40,43,425
24811,駿河区,新川一丁目,1001,44,36,40,32,42,57,58,65,61,58,64,59,63,76,65,62,51,68,476
24812,駿河区,新川二丁目,1317,83,61,38,51,49,59,88,107,88,100,78,91,97,96,58,62,44,67,599
24820,駿河区,寿町,1273,45,35,43,49,51,78,85,82,80,89,81,99,99,88,71,71,59,68,606
24830,駿河区,見瀬,1238,45,46,51,45,60,84,97,80,100,91,73,84,73,86,60,64,53,46,590
24840,駿河区,中原,3635,135,194,234,223,178,158,219,267,340,355,248,196,184,224,156,136,103,85,1511
24850,駿河区,津島町,966,41,49,47,43,50,39,49,65,84,92,88,54,51,58,54,41,32,29,435
24861,駿河区,西中原一丁目,575,10,25,23,23,24,25,21,33,33,34,41,40,40,59,51,27,42,24,299
24862,駿河区,西中原二丁目,609,22,30,26,23,21,31,29,43,55,46,39,56,45,49,30,24,23,17,273
24870,駿河区,緑が丘町,915,32,26,27,56,48,37,48,39,57,66,76,58,71,81,52,48,44,49,388
24880,駿河区,中野新田,1513,58,52,67,73,77,72,86,59,78,155,119,69,78,98,96,104,100,72,632
24890,駿河区,中村町,1203,50,60,63,58,62,59,83,93,70,113,94,69,70,62,60,63,44,30,497
25000,駿河区,中島,7153,215,231,299,366,376,405,356,388,590,614,518,449,450,581,424,396,280,215,3202
25040,駿河区,西脇,5236,204,233,237,251,224,283,310,376,448,450,346,288,317,415,276,265,168,145,2258
25080,駿河区,西島,4282,143,167,182,183,178,243,250,311,373,377,236,221,256,358,298,228,145,133,1954
25120,駿河区,下島,3597,166,174,162,152,181,210,251,250,299,300,215,211,205,259,198,159,111,94,1597
25200,駿河区,南町,1276,38,29,49,22,56,99,82,81,88,118,109,91,81,106,75,49,48,55,754
25210,駿河区,泉町,927,30,16,22,34,51,80,80,56,56,63,61,54,71,76,57,43,38,39,537
25221,駿河区,馬渕一丁目,1022,31,36,33,36,30,31,55,45,77,85,76,68,82,79,81,72,51,54,471
25222,駿河区,馬渕二丁目,1520,53,40,34,46,81,131,106,112,89,102,97,98,119,126,81,63,63,79,832
25223,駿河区,馬渕三丁目,1787,80,60,58,57,75,106,125,129,125,134,106,103,129,140,101,90,85,84,867
25224,駿河区,馬渕四丁目,1508,54,53,77,69,82,80,84,99,121,132,78,120,78,100,72,67,63,79,726
25231,駿河区,稲川一丁目,899,40,25,10,28,44,67,84,77,75,68,59,65,55,73,36,35,29,29,506
25232,駿河区,稲川二丁目,484,26,14,8,9,18,30,51,38,36,40,32,22,23,45,26,11,25,30,258
25233,駿河区,稲川三丁目,593,12,12,35,24,48,40,31,31,39,52,45,36,31,45,33,31,21,27,317
25241,駿河区,中田一丁目,1302,50,39,51,54,38,71,93,84,100,87,79,95,108,97,84,52,44,76,601
25242,駿河区,中田二丁目,1671,75,106,79,75,71,75,92,143,153,182,95,94,90,118,62,57,47,57,777
25243,駿河区,中田三丁目,1473,158,77,52,47,60,152,190,102,92,74,76,75,54,63,42,66,47,46,611
25244,駿河区,中田四丁目,1140,41,46,43,56,63,61,56,63,88,114,99,78,85,73,51,52,40,31,495
25245,駿河区,中田本町,3634,155,159,165,154,148,220,227,247,270,321,226,211,207,223,185,218,167,131,1625
25250,駿河区,大坪町,776,38,28,33,28,44,40,50,60,59,56,45,51,42,62,26,34,37,43,381
25261,駿河区,石田一丁目,1165,87,60,40,38,39,77,98,108,97,74,62,76,60,58,47,41,49,54,487
25262,駿河区,石田二丁目,927,26,39,32,45,46,36,40,53,58,64,62,61,58,72,59,57,52,67,417
25263,駿河区,石田三丁目,1370,57,79,71,57,53,65,83,100,111,101,82,84,81,88,83,64,56,55,608
25400,駿河区,森下町,210,4,5,3,7,11,20,16,12,22,21,13,13,9,17,14,8,4,11,133
25411,駿河区,八幡一丁目,414,9,4,8,13,26,34,25,21,26,23,32,22,28,40,25,24,29,25,219
25412,駿河区,八幡二丁目,730,15,19,24,28,34,44,24,47,48,41,47,54,49,71,47,40,46,52,366
25413,駿河区,八幡三丁目※秘9,1137,35,27,45,59,57,81,46,66,70,107,84,79,69,102,48,68,49,45,569
25414,駿河区,八幡四丁目,937,45,57,25,19,34,39,63,65,70,53,66,66,71,60,36,46,53,69,447
25415,駿河区,八幡五丁目,1497,57,68,55,47,70,95,77,93,110,123,91,84,113,103,86,83,67,75,693
25420,駿河区,南八幡町,1075,53,44,30,39,68,53,71,62,76,63,67,62,62,79,72,75,52,47,463
25441,駿河区,大和一丁目,657,23,26,19,24,34,38,42,33,53,46,48,37,41,53,31,33,29,47,310
25442,駿河区,大和二丁目,644,16,18,21,22,37,36,34,46,42,56,42,37,45,70,37,32,36,17,351
25450,駿河区,さつき町,641,22,12,11,18,25,36,50,32,31,29,32,56,56,77,49,50,25,30,310
25460,駿河区,豊原町,463,12,13,16,22,34,31,17,27,28,34,29,41,28,30,33,25,20,23,213
25471,駿河区,小黒一丁目,781,33,18,20,30,33,45,60,41,54,58,50,58,66,68,39,47,29,32,389
25472,駿河区,小黒二丁目,850,17,25,26,33,43,40,44,46,49,66,64,70,64,86,54,39,37,47,403
25473,駿河区,小黒三丁目,510,18,18,16,22,30,30,24,30,22,38,39,39,38,41,22,33,24,26,235
25480,駿河区,有明町,1595,46,43,38,53,43,66,73,57,87,97,98,72,103,183,157,178,123,78,906
25491,駿河区,有東一丁目,1247,64,47,55,56,55,61,74,93,103,106,87,77,62,93,56,61,45,52,513
25492,駿河区,有東二丁目,918,47,38,38,45,44,50,67,71,81,68,68,48,62,63,41,35,22,30,398
25493,駿河区,有東三丁目,559,13,23,17,28,20,23,33,37,28,47,41,42,33,38,31,42,41,22,265
25601,駿河区,登呂一丁目,1147,41,52,42,48,39,54,58,79,79,95,72,66,77,94,62,66,54,69,484
25602,駿河区,登呂二丁目,1321,65,70,64,75,53,63,81,89,110,102,98,67,77,89,71,54,64,29,541
25603,駿河区,登呂三丁目,1322,82,73,84,65,66,66,85,75,99,93,70,60,64,61,73,70,56,80,604
25604,駿河区,登呂四丁目,1432,28,40,55,84,70,57,64,62,91,109,100,97,80,106,93,117,108,71,680
25605,駿河区,登呂五丁目,1157,30,32,41,43,56,64,61,61,67,101,92,83,65,92,70,87,58,54,541
25606,駿河区,登呂六丁目,1199,30,51,49,50,67,74,77,70,87,103,95,77,79,92,67,61,38,32,528
25611,駿河区,敷地一丁目,1373,78,79,77,70,73,83,114,82,121,106,98,89,76,82,50,44,36,15,592
25612,駿河区,敷地二丁目,1419,68,62,73,86,113,111,127,86,118,135,92,76,79,62,47,42,20,22,644
25621,駿河区,宮竹一丁目,785,55,40,25,45,55,69,63,61,65,55,48,50,24,55,31,20,17,7,362
25622,駿河区,宮竹二丁目,1087,65,58,75,41,57,56,78,86,102,88,68,52,61,70,51,35,24,20,447
25630,駿河区,高松,3241,99,144,147,192,179,161,164,187,273,259,224,217,214,264,144,151,104,118,1353
25631,駿河区,高松一丁目,1173,70,75,59,73,48,49,84,103,98,96,68,52,71,92,56,38,19,22,469
25632,駿河区,高松二丁目,1624,91,110,108,80,75,101,113,125,182,135,102,89,84,112,43,32,17,25,676
25801,駿河区,曲金一丁目,716,37,42,33,41,29,33,35,42,48,58,48,52,40,46,31,35,28,38,275
25802,駿河区,曲金二丁目,717,26,22,19,32,46,52,54,49,35,53,48,41,39,60,45,32,30,34,344
25803,駿河区,曲金三丁目,1285,48,53,65,73,66,53,81,82,91,125,82,85,52,92,72,74,48,43,571
25804,駿河区,曲金四丁目,1065,23,28,33,66,98,183,58,55,61,58,52,57,52,70,43,46,38,44,602
25805,駿河区,曲金五丁目,1270,42,46,67,68,83,97,55,64,101,134,121,98,63,65,44,58,35,29,597
25806,駿河区,曲金六丁目,2067,162,110,91,77,65,116,188,224,249,170,143,106,83,85,64,60,44,30,967
25807,駿河区,曲金七丁目,1443,47,105,74,69,74,68,66,104,153,138,110,72,72,111,51,54,43,32,656
25811,駿河区,豊田一丁目,1188,70,48,56,68,72,70,82,93,101,104,98,70,58,77,39,38,23,21,490
25812,駿河区,豊田二丁目,440,24,16,22,40,21,33,32,20,46,34,39,22,12,17,23,21,11,7,198
25813,駿河区,豊田三丁目,232,15,5,1,9,16,17,19,21,11,16,15,16,19,15,10,7,7,13,107
25830,駿河区,小鹿,5832,298,245,205,231,484,484,476,472,461,422,277,322,266,383,261,203,169,173,3046
25831,駿河区,小鹿一丁目,3273,103,109,113,157,206,181,152,175,222,231,210,204,214,267,210,177,160,182,1625
25832,駿河区,小鹿二丁目,1994,57,80,66,99,84,125,126,93,142,157,137,116,91,141,113,134,120,113,1015
25833,駿河区,小鹿三丁目,1690,85,59,69,79,173,135,121,119,137,141,126,113,68,69,64,46,44,42,935
26000,駿河区,池田,8473,427,398,380,390,442,502,568,609,721,689,534,449,472,605,468,350,248,221,3798
26030,駿河区,聖一色,2432,145,134,105,114,128,154,196,188,201,219,162,112,113,137,96,93,71,64,1081
26060,駿河区,栗原,1154,54,58,63,52,59,65,87,81,93,109,70,47,51,90,49,43,38,45,515
26091,駿河区,国吉田一丁目,500,27,24,18,24,38,32,39,28,56,35,19,23,21,28,35,28,12,13,228
26092,駿河区,国吉田二丁目,101,4,6,5,3,9,4,7,9,6,6,5,5,7,10,2,7,2,4,48
26093,駿河区,国吉田三丁目,393,11,20,24,25,25,17,15,11,35,53,44,27,14,18,11,20,15,8,169
26094,駿河区,国吉田四丁目,698,22,32,31,29,34,31,35,38,53,42,73,47,44,59,26,37,33,32,290
26095,駿河区,国吉田五丁目,869,38,46,55,59,62,36,39,38,77,85,72,62,31,39,29,28,36,37,314
26096,駿河区,国吉田六丁目,1320,111,103,102,78,62,79,92,131,141,131,90,47,34,46,30,23,8,12,517
26120,駿河区,中吉田,1106,37,37,42,53,54,46,72,72,73,89,47,64,79,91,84,70,46,50,497
26150,駿河区,谷田,2095,74,75,83,103,162,158,139,111,152,193,141,120,133,145,109,82,53,62,1006
26160,駿河区,平沢,42,2,2,1,1,1,3,3,1,3,2,3,6,1,5,2,2,2,2,13
26201,駿河区,富士見台一丁目,1352,39,57,56,62,86,87,55,72,98,133,82,78,59,84,72,93,74,65,608
26202,駿河区,富士見台二丁目,535,11,16,14,25,34,25,17,21,30,44,44,20,25,55,39,52,35,28,236
26203,駿河区,富士見台三丁目,96,6,3,3,5,3,3,2,8,7,6,4,5,5,18,10,3,2,3,36
26210,駿河区,恩田原,20,1,2,2,1,0,0,1,1,2,3,2,0,1,2,0,1,1,0,6
26220,駿河区,片山,105,3,5,5,7,4,2,5,10,5,6,3,3,12,18,9,2,3,3,46
26230,駿河区,宮川,146,4,4,7,5,13,2,10,8,9,11,8,6,12,17,11,13,4,2,66
26240,駿河区,水上,83,2,3,5,4,11,4,2,7,6,4,4,9,4,10,0,4,4,0,35
26250,駿河区,西大谷,234,13,8,7,15,14,5,19,14,18,19,14,15,17,20,19,8,4,5,91
26260,駿河区,大谷,5352,192,179,197,269,687,330,331,297,336,310,225,252,299,454,352,285,193,164,2751
26261,駿河区,大谷一丁目,684,38,31,30,31,30,43,62,50,75,54,35,35,32,37,31,23,23,24,292
26262,駿河区,大谷二丁目,781,63,50,33,28,37,54,72,84,61,49,36,41,37,38,30,20,19,29,305
26263,駿河区,大谷三丁目,865,46,61,34,32,38,45,55,75,85,61,49,36,45,56,44,35,37,31,357
26280,駿河区,西平松,444,13,9,10,17,22,19,18,14,25,26,32,43,51,34,26,24,33,28,171
26290,駿河区,中平松,237,7,6,6,9,13,8,7,10,13,12,9,19,26,31,17,14,12,18,97
26300,駿河区,青沢,144,1,5,2,8,6,7,4,6,10,7,14,12,12,16,13,7,5,9,51
26310,駿河区,古宿,187,2,2,4,5,12,7,6,2,11,10,13,12,17,24,13,21,13,13,76
26320,駿河区,安居,225,0,5,9,11,6,4,11,6,18,20,8,15,29,22,19,11,17,14,88
26330,駿河区,根古屋,329,10,14,6,6,11,11,15,14,11,9,14,21,22,27,17,22,31,68,166
26400,駿河区,丸子新田,3152,164,146,142,132,133,193,201,250,294,251,194,175,165,263,173,116,92,68,1384
26410,駿河区,東新田,55,1,1,1,6,0,1,3,2,5,3,4,6,3,3,3,7,4,2,23
26411,駿河区,東新田一丁目,616,32,17,15,42,32,26,32,36,57,52,41,36,35,47,36,38,15,27,253
26412,駿河区,東新田二丁目,1059,44,67,51,63,63,47,74,86,96,83,64,56,57,65,54,44,21,24,418
26413,駿河区,東新田三丁目,1178,53,72,75,60,52,46,67,77,106,108,68,63,62,89,55,57,29,39,450
26414,駿河区,東新田四丁目,1883,79,113,112,126,86,77,92,103,153,138,97,98,114,137,145,108,63,42,770
26415,駿河区,東新田五丁目,875,29,34,29,41,47,33,37,45,55,69,57,63,48,65,64,67,46,46,369
26420,駿河区,上川原,910,57,45,54,44,45,41,59,57,91,86,61,51,52,57,37,36,17,20,336
26431,駿河区,みずほ一丁目,1124,41,55,68,69,57,53,54,79,97,112,69,48,51,69,81,54,39,28,457
26432,駿河区,みずほ二丁目,794,48,44,36,28,36,37,51,64,77,63,31,27,38,61,68,35,32,18,347
26433,駿河区,みずほ三丁目,719,37,25,31,35,24,46,55,52,67,55,46,34,48,56,36,29,23,20,311
26434,駿河区,みずほ四丁目,805,27,13,33,43,41,57,40,40,78,84,54,47,41,67,45,51,28,16,355
26435,駿河区,みずほ五丁目,711,30,34,30,40,40,32,35,51,71,66,44,37,33,54,37,34,26,17,331
26440,駿河区,下川原,16,0,2,3,0,0,0,0,3,3,0,1,0,0,3,0,1,0,0,5
26441,駿河区,下川原一丁目,864,35,41,39,54,41,35,64,66,53,68,47,51,61,81,56,34,17,21,341
26442,駿河区,下川原二丁目,2003,76,73,77,113,105,97,105,106,160,166,157,90,108,165,118,139,97,51,833
26443,駿河区,下川原三丁目,1389,45,60,68,64,64,61,61,110,114,116,86,78,95,106,104,72,42,43,575
26444,駿河区,下川原四丁目,1094,35,73,59,64,69,47,65,83,88,84,72,51,69,93,62,36,30,14,456
26445,駿河区,下川原五丁目,1477,64,68,79,66,90,78,84,98,131,121,90,72,89,121,74,62,43,47,622
26446,駿河区,下川原六丁目,1166,59,40,45,46,65,67,59,78,94,87,66,59,91,108,84,46,43,29,515
26448,駿河区,下川原南,401,39,27,22,15,27,32,48,47,38,38,26,9,7,4,6,6,5,5,176
26450,駿河区,桃園町,1728,67,67,72,92,71,85,96,117,129,151,90,99,125,168,122,82,58,37,827
26461,駿河区,広野一丁目※秘5,850,35,39,44,46,41,33,55,58,70,66,50,48,57,80,40,45,16,27,335
26462,駿河区,広野二丁目,920,41,47,63,57,30,30,44,58,88,86,42,54,49,90,55,50,12,24,335
26463,駿河区,広野三丁目,724,24,33,40,33,37,30,45,38,67,71,40,44,39,58,48,39,26,12,324
26464,駿河区,広野四丁目,828,16,36,34,40,42,32,36,38,41,69,65,63,57,71,52,55,45,36,328
26465,駿河区,広野五丁目,972,26,42,40,48,28,36,47,64,76,63,61,65,61,100,83,54,42,36,393
26466,駿河区,広野六丁目,868,42,44,55,43,41,53,61,54,94,77,39,44,47,60,39,40,23,12,358
26480,駿河区,光陽町,245,7,12,10,16,9,8,16,16,20,19,14,19,14,19,17,18,7,4,101
26601,駿河区,用宗一丁目,916,26,47,39,32,35,52,41,61,73,61,54,40,53,77,75,75,40,35,436
26602,駿河区,用宗二丁目,674,19,30,27,33,30,30,26,46,52,52,37,37,49,74,38,38,28,28,288
26603,駿河区,用宗三丁目,853,16,24,24,37,33,31,41,46,51,66,47,53,65,103,54,47,54,61,389
26604,駿河区,用宗四丁目,963,20,24,24,42,43,29,32,36,70,67,71,69,57,102,68,70,67,72,436
26605,駿河区,用宗五丁目,853,27,34,30,41,34,23,47,37,49,45,49,63,67,84,48,62,52,61,381
26610,駿河区,用宗巴町,23,2,0,1,2,3,0,4,0,3,3,0,0,1,1,3,0,0,0,10
26620,駿河区,用宗城山町,32,0,0,0,0,1,1,0,1,2,1,2,2,2,9,2,4,2,3,18
26625,駿河区,用宗小石町,104,4,6,4,4,3,6,6,13,6,6,5,8,4,12,7,3,6,1,37
26640,駿河区,青木,1590,55,49,50,49,92,116,98,95,105,122,80,98,114,152,99,91,56,69,706
26650,駿河区,大和田,175,5,3,3,5,10,10,9,14,9,11,12,12,7,24,16,10,7,8,69
26660,駿河区,小坂,778,21,32,16,29,26,47,35,30,35,36,51,62,59,71,47,54,62,65,300
26662,駿河区,小坂二丁目,15,0,0,0,0,1,3,1,1,0,0,2,5,1,0,0,0,1,0,5
26663,駿河区,小坂三丁目,25,0,0,1,2,1,1,0,0,3,1,2,2,2,4,2,3,0,1,10
26670,駿河区,石部,920,17,30,35,40,36,32,25,34,51,69,75,59,60,93,71,75,65,53,388
26800,駿河区,向敷地,5357,201,259,273,267,208,199,238,348,416,405,331,304,320,446,364,332,250,196,2180
26820,駿河区,手越,2450,123,126,120,117,96,94,147,162,211,201,142,126,131,176,164,144,88,82,962
26830,駿河区,手越原,1669,54,47,50,93,96,116,122,88,107,134,116,83,127,141,110,63,53,69,753
26840,駿河区,鎌田,3508,139,140,131,149,139,153,184,228,288,317,225,180,207,315,240,226,143,104,1525
26850,駿河区,寺田,1787,62,90,69,77,87,68,97,105,157,151,103,103,92,155,123,124,78,46,747
26860,駿河区,丸子,2629,91,130,74,90,130,123,112,146,176,152,126,169,189,289,188,188,123,133,1159
26861,駿河区,丸子一丁目,1122,44,46,31,35,49,50,62,63,71,79,79,68,78,100,83,88,57,39,483
26862,駿河区,丸子二丁目,1259,31,44,68,55,49,46,42,61,89,103,80,70,59,127,102,116,68,49,613
26863,駿河区,丸子三丁目,1148,53,58,71,88,53,54,59,68,81,98,85,49,57,67,65,50,45,47,486
26864,駿河区,丸子四丁目,943,19,35,59,70,47,23,30,40,70,85,73,61,40,69,63,70,56,33,386
26865,駿河区,丸子五丁目,923,11,15,43,40,37,32,21,37,73,72,62,62,44,73,93,95,70,43,393
26866,駿河区,丸子六丁目,977,47,53,52,43,33,54,57,61,86,82,44,39,72,69,65,54,32,34,406
26867,駿河区,丸子七丁目,600,20,23,22,25,24,17,33,25,39,40,45,29,36,56,35,55,40,36,228
26871,駿河区,北丸子一丁目,526,18,23,21,24,33,27,38,32,47,46,18,27,32,34,36,38,22,10,255
26872,駿河区,北丸子二丁目,1312,55,57,63,54,64,66,89,91,95,101,62,66,90,123,89,65,39,43,525
26880,駿河区,宇津ノ谷,124,0,1,1,3,4,9,2,8,5,5,7,5,8,26,12,7,11,10,49
26890,駿河区,丸子芹が谷町,787,29,36,36,36,34,38,41,47,60,46,40,45,61,80,67,39,22,30,323
10103,清水区,愛染町,10,0,0,0,0,0,0,0,0,1,2,1,0,0,2,1,1,2,0,6
10104,清水区,相生町,245,1,1,2,2,13,7,12,7,10,11,22,18,20,24,16,15,26,38,156
10105,清水区,旭町,180,5,4,1,5,9,14,9,10,16,12,7,12,10,23,20,9,7,7,116
10109,清水区,島崎町,278,7,12,7,14,16,17,17,10,22,13,21,22,13,17,27,20,13,10,137
10112,清水区,田町,233,8,14,12,8,6,13,15,15,24,7,12,15,11,18,21,12,14,8,100
10118,清水区,真砂町,510,27,23,14,19,25,22,32,42,33,51,41,23,23,44,31,24,14,22,270
10119,清水区,宮下町,969,30,30,29,63,43,46,37,44,65,74,75,60,64,94,72,70,50,23,455
10125,清水区,辻一丁目,801,39,36,36,35,41,24,47,62,70,90,75,56,55,47,23,29,13,23,369
10126,清水区,辻二丁目,632,21,24,17,31,23,24,32,39,41,35,39,41,37,67,30,42,38,51,290
10127,清水区,辻三丁目,509,12,7,14,13,26,26,22,21,18,33,30,44,42,47,45,38,34,37,222
10128,清水区,辻四丁目,748,27,29,39,38,20,33,37,47,46,44,37,55,56,88,34,37,43,38,299
10129,清水区,辻五丁目,364,11,13,13,14,19,15,17,12,17,29,22,41,27,27,22,21,28,16,157
10130,清水区,矢倉町,454,23,13,15,12,11,28,25,43,23,37,19,24,30,35,25,35,29,27,211
10131,清水区,秋吉町,593,12,22,31,23,15,31,22,40,36,37,35,40,42,75,38,24,25,45,256
10210,清水区,江尻台町,918,39,35,47,55,43,40,39,60,82,64,91,46,58,71,53,39,32,24,401
10218,清水区,小芝町,346,10,7,23,18,7,14,12,14,23,28,30,17,24,39,16,26,17,21,165
10223,清水区,巴町,356,14,12,6,10,15,11,12,23,30,22,17,23,16,39,30,27,27,22,195
10225,清水区,二の丸町,513,9,17,27,25,21,11,10,26,38,41,40,30,44,52,31,32,32,27,231
10229,清水区,江尻町,708,18,23,28,23,23,28,46,23,49,46,50,41,58,64,44,50,39,55,318
10230,清水区,江尻東一丁目,493,17,18,21,23,16,19,15,21,37,43,46,23,27,43,32,32,32,28,214
10231,清水区,江尻東二丁目,340,7,10,7,13,20,10,16,20,21,33,20,13,23,43,22,25,19,18,148
10232,清水区,江尻東三丁目,458,10,14,26,17,13,17,26,18,39,43,23,33,28,41,33,31,28,18,208
10233,清水区,永楽町,697,22,31,32,36,28,17,18,39,62,67,55,49,46,55,39,36,24,41,293
10234,清水区,銀座,430,7,6,9,9,25,19,21,21,33,29,24,28,29,48,35,31,23,33,231
10235,清水区,宝町,482,14,23,31,22,19,9,17,16,43,44,37,29,36,37,33,29,21,22,195
10236,清水区,本郷町,548,6,18,22,15,12,17,33,24,35,31,34,44,43,55,48,41,33,37,280
10237,清水区,宮代町,371,9,8,8,16,23,20,14,16,20,26,29,29,36,33,22,24,24,14,160
10238,清水区,天神一丁目,339,7,9,14,21,13,16,19,15,19,30,29,29,27,30,16,21,10,14,142
10239,清水区,天神二丁目,182,6,4,4,5,19,15,18,11,13,15,7,5,11,20,8,10,5,6,102
10240,清水区,大手一丁目,338,8,14,15,15,8,15,18,13,17,17,18,24,33,35,21,19,20,28,148
10241,清水区,大手二丁目,259,7,7,7,13,7,10,16,9,10,16,11,16,28,30,23,15,12,22,115
10242,清水区,大手三丁目,253,4,8,10,5,11,14,11,8,14,15,17,21,28,11,12,20,18,26,118
10301,清水区,青葉町,869,44,58,49,48,32,43,58,60,76,68,53,50,35,63,37,42,31,22,357
10303,清水区,入江岡町,544,16,20,17,28,27,24,12,36,28,39,41,32,33,63,38,26,29,35,251
10304,清水区,恵比寿町,364,13,12,20,13,16,23,21,14,34,23,24,22,23,24,32,24,16,10,153
10307,清水区,上清水町,720,16,21,24,34,31,28,43,31,38,39,33,47,64,65,55,56,31,64,301
10308,清水区,桜が丘町,556,12,34,29,27,23,18,20,28,42,46,36,30,47,42,37,25,23,37,246
10309,清水区,桜橋町,535,18,21,24,31,31,24,33,22,41,37,35,32,32,30,39,34,24,27,226
10311,清水区,千歳町,1570,65,44,70,47,66,54,85,97,110,126,113,126,132,167,79,71,67,51,735
10312,清水区,西高町,997,44,48,44,41,41,51,61,60,72,77,80,54,57,74,55,56,44,38,439
10314,清水区,淡島町,267,13,9,4,8,7,14,14,15,26,17,19,14,25,21,16,15,12,18,120
10315,清水区,入江一丁目,572,14,21,31,28,19,15,26,32,33,44,45,41,32,45,28,40,34,44,245
10316,清水区,入江二丁目,395,9,13,26,17,9,8,19,21,35,23,28,22,22,52,30,22,14,25,167
10317,清水区,入江三丁目,518,17,25,22,18,19,16,31,33,38,27,32,21,43,59,33,27,24,33,239
10318,清水区,入江南町,591,7,12,24,31,15,23,22,20,34,46,38,30,43,64,57,57,26,42,275
10319,清水区,追分一丁目,685,24,28,44,30,29,29,21,34,57,72,37,40,46,54,37,34,31,38,299
10320,清水区,追分二丁目,999,23,38,49,51,65,68,47,46,68,76,67,77,54,67,59,56,46,42,415
10321,清水区,追分三丁目,471,13,23,12,18,19,19,30,33,32,36,26,32,34,35,29,32,23,25,219
10322,清水区,新富町,456,3,10,11,21,17,13,15,14,34,39,30,18,34,53,41,38,31,34,225
10323,清水区,鶴舞町,599,27,31,26,29,19,31,35,40,50,49,34,34,36,46,46,26,24,16,242
10324,清水区,西大曲町,574,9,10,14,32,30,32,20,22,38,37,44,42,49,45,40,34,33,43,266
10325,清水区,東大曲町,397,8,18,16,20,15,29,15,23,34,32,12,26,28,33,32,18,18,20,190
10326,清水区,元城町,404,10,9,14,18,29,21,19,11,17,34,28,32,25,28,27,37,20,25,180
10328,清水区,追分四丁目,1098,57,67,54,40,37,64,53,74,74,75,73,51,54,51,61,101,60,52,445
10330,清水区,浜田町,569,13,18,23,26,13,24,20,24,41,39,36,39,44,58,33,40,51,27,261
10331,清水区,春日一丁目,355,6,9,10,17,17,44,29,20,28,22,29,22,21,17,16,21,12,15,191
10332,清水区,春日二丁目,268,8,6,6,8,11,12,12,18,24,31,24,16,12,20,17,24,15,4,144
10333,清水区,堂林一丁目,203,5,3,5,16,11,5,14,7,10,23,12,17,17,16,12,15,10,5,84
10334,清水区,堂林二丁目,991,39,36,50,55,44,36,50,58,81,64,75,55,43,89,64,61,51,40,410
10335,清水区,大坪一丁目,398,9,5,9,15,26,42,16,15,25,24,33,37,27,37,30,16,16,16,211
10336,清水区,大坪二丁目,438,17,21,21,20,21,20,15,24,35,40,26,26,32,38,30,20,14,18,187
10404,清水区,上一丁目,508,11,7,11,20,18,20,14,15,22,37,33,40,40,68,43,38,35,36,249
10405,清水区,上二丁目,374,4,9,13,12,8,16,12,29,21,31,21,17,25,57,25,28,24,22,174
10407,清水区,清水町,341,8,7,5,9,14,18,13,21,14,16,24,22,28,45,23,21,29,24,159
10418,清水区,本町,282,4,5,11,12,5,13,8,11,15,21,18,21,16,30,27,21,21,23,129
10422,清水区,万世町一丁目,450,8,10,10,10,13,9,16,13,19,22,21,17,15,43,32,37,49,106,274
10423,清水区,万世町二丁目,409,5,11,19,27,17,12,10,19,30,42,32,29,25,43,29,20,24,15,194
10424,清水区,松井町,421,4,13,11,17,19,16,10,10,23,26,36,30,28,37,39,34,25,43,200
10425,清水区,港町一丁目,175,2,1,2,5,5,8,4,3,11,15,16,10,14,23,12,17,14,13,82
10426,清水区,港町二丁目,514,10,22,25,18,27,14,15,28,46,49,45,27,35,43,42,30,21,17,233
10429,清水区,美濃輪町,233,1,2,4,9,15,2,4,9,5,18,20,14,10,21,22,29,32,16,94
10430,清水区,八千代町,853,15,31,34,32,47,35,30,38,70,59,53,54,62,92,65,55,38,43,362
10433,清水区,日の出町,12,0,0,0,0,1,0,1,1,0,0,0,0,2,2,0,1,1,3,6
10434,清水区,築地町,171,4,3,6,3,8,17,6,5,9,20,7,11,12,12,14,18,11,5,91
10435,清水区,富士見町,121,3,3,1,3,3,5,2,7,4,4,6,8,13,20,11,7,13,8,63
10436,清水区,入船町,367,4,9,15,13,8,16,13,13,31,27,19,19,26,38,35,36,26,19,169
10437,清水区,松原町,218,2,5,11,8,1,5,14,19,25,20,12,15,17,23,11,12,5,13,106
10501,清水区,梅田町,560,18,22,19,35,25,20,21,33,33,42,25,42,29,60,47,41,18,30,244
10502,清水区,梅が岡,431,16,12,13,21,13,18,24,24,34,41,23,27,19,45,20,31,21,29,191
10503,清水区,岡町,681,26,22,31,32,25,43,51,28,38,55,36,48,54,49,45,35,31,32,314
10504,清水区,北矢部,630,32,32,22,25,35,27,32,33,41,38,44,33,45,52,40,47,31,21,262
10505,清水区,北矢部町一丁目,912,33,42,51,47,35,35,53,62,76,77,43,53,49,73,59,48,39,37,373
10506,清水区,北矢部町二丁目,646,30,25,26,34,20,23,34,39,57,49,42,38,42,50,32,35,40,30,276
10507,清水区,木の下町,1009,56,38,51,69,64,50,64,52,75,88,70,61,48,54,61,44,41,23,410
10508,清水区,幸町,837,11,26,49,37,32,34,28,49,66,70,47,56,57,77,65,54,36,43,356
10509,清水区,三光町,453,23,29,14,33,21,30,20,26,24,32,32,27,30,30,13,25,22,22,186
10511,清水区,下清水町,577,19,25,21,28,28,23,30,26,48,43,41,38,29,45,29,40,29,35,235
10512,清水区,清水村松地先新田,25,0,0,4,1,1,2,0,0,3,2,2,0,0,3,2,2,1,2,11
10513,清水区,新緑町,742,18,33,69,58,32,13,22,38,75,92,37,35,32,52,38,48,25,25,276
10514,清水区,沼田町,587,25,31,23,36,26,20,29,42,42,39,42,46,29,43,35,23,39,17,239
10515,清水区,日立町,1189,21,48,59,53,39,25,47,46,79,77,65,71,85,138,85,86,82,83,520
10516,清水区,船越,11,2,0,1,1,0,0,0,0,1,3,0,1,0,1,1,0,0,0,4
10519,清水区,南矢部,1045,34,37,35,46,40,42,62,69,82,70,53,66,67,111,80,66,46,39,473
10520,清水区,南岡町,533,17,26,30,23,27,14,24,36,37,43,29,29,32,49,39,32,21,25,216
10521,清水区,緑が丘町,961,24,32,40,28,40,49,41,52,54,45,70,72,52,99,58,73,60,72,426
10522,清水区,宮加三,2703,77,100,105,131,142,126,154,153,201,207,168,149,195,248,184,144,110,109,1216
10523,清水区,村松,1635,42,52,60,54,77,59,69,82,99,124,100,100,119,189,137,121,86,65,712
10524,清水区,村松原一丁目,464,11,10,13,15,20,20,19,23,25,34,37,26,37,49,40,27,27,31,222
10525,清水区,村松原二丁目,692,18,25,28,45,31,36,22,39,39,47,57,45,45,63,36,44,34,38,273
10526,清水区,村松原三丁目,548,12,20,26,24,18,24,29,25,38,41,42,38,48,42,30,31,28,32,236
10527,清水区,向田町,815,22,22,33,40,35,32,42,36,44,62,57,62,53,72,53,58,51,41,375
10528,清水区,神田町,985,31,37,55,54,45,35,44,34,70,100,85,47,61,77,66,57,46,41,426
10529,清水区,中矢部町,857,37,37,40,52,41,35,56,30,64,75,69,49,51,49,47,49,43,33,355
10530,清水区,月見町,1104,38,34,56,62,34,46,57,55,77,98,68,62,69,88,78,74,67,41,482
10531,清水区,大沢町,808,27,20,32,45,51,40,35,51,49,64,41,50,57,84,45,41,40,36,377
10532,清水区,川原町,1229,40,58,66,61,60,36,45,71,98,101,78,60,87,107,75,87,45,54,524
10533,清水区,村松一丁目※秘6,991,30,23,23,37,35,46,50,49,66,73,81,67,62,103,81,69,44,52,464
10534,清水区,船越南町,1389,49,74,76,63,52,54,57,98,122,104,67,64,85,121,104,98,51,50,562
10535,清水区,船越東町,819,27,44,38,39,23,29,48,53,54,56,51,48,50,61,67,57,42,32,348
10536,清水区,船原一丁目,773,10,21,27,39,36,46,29,27,42,57,49,58,46,61,63,61,52,49,329
10537,清水区,船原二丁目,970,30,29,29,61,39,37,55,48,59,79,72,61,57,79,81,53,52,49,417
10538,清水区,庄福町,626,14,20,24,28,25,23,19,34,34,42,39,33,50,82,57,44,32,26,288
10539,清水区,上力町,522,8,21,12,25,25,21,26,24,30,32,46,36,36,41,44,32,31,32,234
10541,清水区,船越一丁目,518,26,33,23,19,24,33,28,29,31,40,35,29,32,30,24,32,30,20,217
10542,清水区,船越二丁目,414,16,21,19,16,10,19,30,30,31,25,15,24,25,32,32,24,20,25,203
10543,清水区,船越三丁目,689,39,42,29,34,33,33,40,46,60,58,34,27,38,42,55,33,22,24,294
10601,清水区,折戸,1121,23,40,60,77,63,27,39,65,89,109,63,57,79,122,74,56,39,39,470
10602,清水区,駒越,20,0,0,0,0,0,0,0,0,0,1,1,3,5,4,0,3,3,0,18
10603,清水区,増,205,4,7,5,5,8,13,12,8,14,8,11,20,18,26,11,9,13,13,70
10604,清水区,蛇塚,143,2,3,3,7,11,8,4,3,2,12,15,8,10,16,13,12,3,11,53
10605,清水区,三保,8563,208,267,308,413,485,349,403,420,564,584,493,500,611,886,583,593,433,463,4120
10606,清水区,駒越北町,550,11,15,27,24,28,32,20,27,46,38,41,42,28,52,32,30,37,20,236
10607,清水区,駒越東町,708,31,22,37,27,47,30,44,42,53,55,51,37,48,55,37,36,28,28,285
10608,清水区,駒越南町,566,20,27,20,21,21,25,33,34,44,47,30,41,33,46,41,30,30,23,244
10609,清水区,駒越中一丁目,976,38,42,34,42,50,43,51,53,63,56,69,77,75,85,51,44,51,52,391
10610,清水区,駒越中二丁目,1157,27,42,54,55,52,43,54,67,90,109,72,59,72,105,84,77,56,39,512
10611,清水区,駒越西一丁目,530,18,23,22,20,24,29,33,24,40,52,37,32,28,45,32,25,29,17,213
10612,清水区,駒越西二丁目,335,6,17,16,14,13,10,11,21,29,24,14,18,21,26,33,28,20,14,153
10613,清水区,港南町,905,9,35,34,49,28,38,21,45,48,60,51,56,60,100,107,76,44,44,404
10614,清水区,殿沢一丁目,794,19,27,42,40,57,36,32,41,57,49,38,46,55,92,54,47,38,24,348
10615,清水区,殿沢二丁目,516,13,20,19,20,28,23,18,25,42,36,31,25,25,55,53,45,16,22,245
10616,清水区,迎山町,694,12,32,36,33,21,14,24,32,57,57,34,30,53,42,70,70,39,38,279
10617,清水区,折戸一丁目,584,20,16,18,26,32,21,32,28,33,57,37,34,43,66,38,41,23,19,268
10618,清水区,折戸二丁目,709,16,18,31,30,45,32,23,31,57,49,50,33,48,65,53,55,40,33,329
10619,清水区,折戸三丁目,771,17,19,32,126,115,28,28,26,49,48,28,19,20,53,58,56,26,23,498
10620,清水区,折戸四丁目,669,12,26,15,35,57,40,25,24,47,40,41,38,38,57,58,56,34,26,326
10621,清水区,折戸五丁目,607,8,15,14,20,36,21,22,22,30,31,39,46,41,59,39,53,36,75,332
10701,清水区,石川,1150,49,52,66,53,67,50,55,83,113,67,59,32,63,114,102,58,40,27,454
10703,清水区,高橋町,200,10,7,12,7,4,3,13,9,9,11,13,11,18,22,13,9,17,12,77
10705,清水区,蜂ヶ谷,2529,138,123,101,121,87,119,149,175,210,137,144,131,157,271,187,134,74,71,1017
10706,清水区,山原,2448,88,112,101,130,105,100,114,151,196,174,143,116,150,227,196,138,96,111,993
10707,清水区,八坂町,50,3,2,2,2,1,2,4,2,3,10,2,1,3,3,5,3,1,1,19
10708,清水区,高橋南町,858,26,49,36,38,28,27,35,57,63,78,42,45,60,76,67,75,31,25,359
10709,清水区,八坂南町,403,18,10,10,18,17,18,24,20,26,28,22,38,26,33,19,16,31,29,194
10710,清水区,八坂北一丁目,1141,60,58,63,70,59,47,66,94,91,91,63,65,63,86,64,42,30,29,422
10711,清水区,八坂北二丁目,982,50,60,52,41,43,48,66,72,88,72,61,63,65,65,43,36,29,28,408
10712,清水区,八坂東一丁目,676,23,33,43,45,30,28,36,32,59,42,43,38,53,50,41,28,30,22,274
10713,清水区,八坂東二丁目,752,25,23,29,36,29,47,28,40,54,70,45,48,53,54,38,49,40,44,316
10714,清水区,八坂西町,776,25,26,47,29,38,17,33,45,58,60,53,44,42,80,47,50,58,24,319
10715,清水区,高橋一丁目,1435,54,63,85,84,74,69,69,89,105,124,88,98,82,92,82,69,49,59,572
10716,清水区,高橋二丁目,660,21,25,17,23,29,24,34,40,45,61,41,44,33,60,51,56,27,29,299
10717,清水区,高橋三丁目,1003,41,46,41,56,43,66,61,63,81,78,62,60,63,63,44,62,35,38,392
10718,清水区,高橋四丁目,1141,42,34,38,47,49,68,49,65,82,79,70,61,63,104,92,80,51,67,509
10719,清水区,高橋五丁目,874,37,25,29,28,37,58,36,42,70,68,52,54,48,80,64,65,41,40,371
10720,清水区,高橋六丁目,326,13,11,6,10,14,26,21,20,20,18,19,23,24,26,20,24,19,12,143
10721,清水区,飯田町,317,5,14,17,9,10,13,13,15,31,24,17,20,18,27,27,22,19,16,131
10722,清水区,天王南,233,5,10,17,15,15,10,5,11,25,35,17,6,14,9,18,9,8,4,89
10723,清水区,下野東,1100,45,44,43,59,44,52,57,71,72,85,53,68,66,116,85,47,51,42,483
10724,清水区,下野西,916,31,28,46,45,37,33,49,52,71,66,52,45,65,93,65,61,33,44,368
10725,清水区,下野北※秘7,1135,43,52,48,56,52,44,47,56,93,89,69,52,60,114,87,103,37,33,467
10726,清水区,下野中,1300,57,58,49,67,55,65,65,80,115,106,75,73,67,117,95,70,46,40,543
10727,清水区,下野緑町,735,28,39,29,31,32,31,44,41,51,63,50,38,40,53,59,49,30,27,290
10728,清水区,下野町,1013,37,34,44,49,51,47,50,61,73,81,62,70,69,86,59,63,40,37,399
10729,清水区,弥生町,750,40,38,43,32,28,42,47,50,71,49,31,37,35,84,49,38,15,21,302
10730,清水区,天王東,629,34,31,25,17,27,53,44,47,56,39,37,41,29,56,32,21,20,20,284
10731,清水区,天王西,432,12,16,21,27,29,13,22,16,30,38,34,26,25,25,37,28,22,11,167
10732,清水区,石川本町,1162,77,66,66,62,45,60,92,85,97,103,60,58,67,76,56,44,24,24,484
10733,清水区,石川新町,1172,57,51,51,81,46,48,60,59,107,85,77,56,62,103,67,93,38,31,511
10734,清水区,蜂ヶ谷南町,638,28,28,39,26,25,43,33,48,54,49,45,36,26,57,43,26,17,15,265
10801,清水区,梅ヶ谷,4086,153,124,148,213,192,220,201,219,272,285,250,244,270,425,305,253,156,156,1653
10802,清水区,押切,6847,319,323,343,405,354,320,340,447,578,562,412,323,347,564,429,365,239,177,2778
10803,清水区,大内,977,33,46,29,33,47,31,41,52,67,86,60,60,60,116,60,69,42,45,354
10804,清水区,大内新田,126,6,2,6,4,8,12,7,11,9,10,10,5,5,11,9,5,4,2,54
10805,清水区,柏尾,1099,22,31,37,50,52,37,35,52,79,75,48,41,72,150,113,96,49,60,462
10806,清水区,鳥坂,1753,85,67,65,94,92,110,117,124,129,142,87,111,119,157,87,81,46,40,745
10807,清水区,能島,1528,66,70,75,70,67,92,82,101,122,103,89,93,116,141,78,86,42,35,661
10901,清水区,今泉,720,29,58,49,33,21,30,35,54,75,65,37,38,31,41,44,36,21,23,267
10902,清水区,上原,14,0,0,0,0,0,2,2,0,1,1,1,1,2,1,3,0,0,0,13
10903,清水区,有東坂,1224,63,63,69,39,49,67,85,79,83,103,70,78,66,85,59,65,50,51,512
10904,清水区,吉川,2849,132,97,107,111,134,197,181,206,171,189,164,179,180,256,177,174,118,76,1225
10905,清水区,北脇,2417,111,96,89,90,115,160,182,167,196,167,149,126,145,216,145,115,84,64,1033
10906,清水区,北脇新田,1863,96,89,82,76,73,139,128,148,151,135,88,93,106,164,89,94,63,49,798
10907,清水区,草薙,3952,122,173,164,172,183,154,166,223,292,289,278,204,235,320,330,305,186,156,1709
10908,清水区,楠,2174,164,115,89,79,81,132,198,176,179,145,114,117,118,155,112,83,63,54,884
10909,清水区,楠新田,2483,103,98,95,115,109,128,163,155,186,227,188,156,140,186,143,132,90,69,1051
10910,清水区,渋川,793,30,46,49,42,32,22,30,43,71,62,57,43,49,48,49,42,44,34,317
10911,清水区,長崎,2418,119,81,100,148,113,148,150,174,210,191,124,100,141,211,157,111,64,76,1045
10912,清水区,長崎新田,952,59,62,43,32,42,81,91,76,80,48,53,32,39,62,38,29,39,46,409
10913,清水区,七ッ新屋,717,39,35,35,35,38,35,55,56,64,56,41,36,39,40,35,30,28,20,302
10914,清水区,中之郷,67,2,0,5,4,0,3,5,4,8,5,3,4,7,4,3,2,3,5,28
10915,清水区,半左衛門新田,407,20,14,10,22,15,32,34,29,24,24,26,38,29,35,18,18,11,8,190
10916,清水区,堀込,423,25,21,8,18,18,29,47,38,36,33,18,18,16,30,28,20,10,10,193
10917,清水区,馬走,1220,39,44,38,61,50,63,72,64,88,80,69,88,95,113,97,75,44,40,530
10918,清水区,谷田,825,25,43,35,41,45,35,39,45,57,82,71,47,45,54,31,42,43,45,362
10919,清水区,有東坂一丁目,942,25,40,39,41,33,45,33,61,71,77,60,38,59,88,70,76,50,36,388
10920,清水区,有東坂二丁目,1119,38,42,58,52,35,46,45,65,94,96,74,68,51,81,87,79,58,50,454
10921,清水区,渋川一丁目,485,18,12,25,31,23,19,26,23,27,50,30,37,28,32,28,42,17,17,208
10922,清水区,渋川二丁目,578,33,26,23,25,36,30,33,49,35,31,35,39,30,47,35,27,20,24,235
10923,清水区,渋川三丁目,473,31,26,19,16,30,34,35,46,26,26,33,27,31,37,15,10,14,17,172
10924,清水区,馬走坂の上,253,10,2,15,5,3,7,7,13,24,13,12,14,8,27,28,30,22,13,116
10925,清水区,御門台,1259,44,47,57,67,61,57,60,55,79,104,98,78,49,97,81,82,79,64,528
10926,清水区,上原一丁目,164,3,4,4,7,10,6,14,5,12,11,11,8,13,17,13,9,9,8,72
10927,清水区,上原二丁目,614,32,38,35,30,15,14,38,37,56,52,43,26,30,34,43,31,35,25,254
10928,清水区,七ッ新屋一丁目,810,31,35,31,36,36,39,42,61,68,67,51,51,42,69,39,37,41,34,374
10929,清水区,七ッ新屋二丁目,550,26,20,27,31,33,44,33,35,46,30,37,25,23,33,21,27,31,28,239
10930,清水区,平川地,1158,30,36,53,55,52,37,58,66,86,86,57,78,76,100,80,67,73,68,515
10931,清水区,馬走北,558,22,27,15,16,25,25,20,28,42,34,37,35,38,52,45,35,27,35,264
10932,清水区,草薙一丁目,1140,41,28,31,43,66,58,56,72,73,106,83,87,82,82,71,43,52,66,554
10933,清水区,草薙二丁目,1424,45,47,53,91,85,82,73,65,99,125,104,95,66,84,78,102,63,67,623
10934,清水区,草薙三丁目,989,38,37,48,47,52,51,47,63,69,81,67,80,53,65,40,65,38,48,430
10935,清水区,草薙杉道一丁目,884,36,40,36,44,37,26,41,58,60,59,52,47,51,83,64,49,50,51,376
10936,清水区,草薙杉道二丁目,712,30,41,28,27,30,31,63,41,50,43,54,46,38,50,33,44,39,24,301
10937,清水区,草薙杉道三丁目,663,17,31,33,36,28,30,26,35,40,48,60,44,36,43,32,48,43,33,297
10938,清水区,有度本町,223,14,9,10,13,13,9,15,13,17,14,20,10,11,13,9,9,9,15,97
10939,清水区,中之郷一丁目,351,11,12,13,11,28,23,23,16,33,21,32,14,24,22,20,19,17,12,170
10940,清水区,中之郷二丁目,821,37,26,22,30,46,49,54,33,68,51,47,45,45,79,52,40,48,49,394
10941,清水区,草薙一里山,914,31,20,28,53,64,44,29,36,55,71,77,66,49,79,48,56,46,62,417
10943,清水区,草薙北,20,0,0,0,0,1,2,1,1,1,2,2,2,1,2,2,2,1,0,12
10944,清水区,長崎南町,919,36,35,30,41,50,58,52,51,72,73,61,60,55,66,51,63,34,31,442
10945,清水区,中之郷三丁目,347,38,17,21,21,8,21,36,25,31,38,32,13,5,12,5,8,10,6,129
11001,清水区,袖師町,3011,112,139,138,142,116,161,170,189,251,230,153,185,186,239,162,185,127,126,1211
11002,清水区,西久保,3398,125,133,189,165,141,148,172,203,245,288,201,224,179,268,199,177,174,167,1424
11003,清水区,横砂,185,3,6,5,3,6,11,3,14,14,10,9,16,12,16,24,19,7,7,74
11004,清水区,西久保一丁目,767,35,47,27,33,28,27,43,56,64,45,39,49,48,47,44,52,44,39,314
11005,清水区,横砂東町,1054,33,29,39,35,33,52,60,48,57,75,65,73,78,108,81,77,56,55,447
11006,清水区,横砂南町,669,14,16,27,31,32,23,30,32,40,61,44,52,54,58,45,39,34,37,287
11007,清水区,横砂西町,305,6,9,11,15,11,10,6,14,25,28,14,22,15,39,25,28,16,11,132
11008,清水区,横砂本町,880,25,34,41,50,42,38,30,55,70,63,63,41,51,94,60,40,42,41,378
11009,清水区,横砂中町,903,27,26,34,42,38,41,41,48,71,66,53,56,61,95,58,60,44,42,428
11101,清水区,伊佐布,716,11,14,29,30,34,29,24,37,46,43,45,54,51,76,58,52,34,49,257
11102,清水区,庵原町,3686,117,155,179,201,155,130,179,212,264,273,227,220,214,348,270,233,160,149,1397
11103,清水区,尾羽,439,13,17,14,20,21,13,17,23,41,30,25,27,26,40,37,26,21,28,171
11104,清水区,草ヶ谷,694,14,20,27,32,30,29,21,34,42,51,44,56,48,70,49,51,42,34,266
11105,清水区,杉山,309,11,9,10,12,19,16,14,10,13,20,24,19,23,25,23,20,18,23,101
11106,清水区,原,1104,47,46,59,51,46,47,47,92,81,63,51,64,66,107,94,47,48,48,372
11107,清水区,広瀬,202,3,5,9,7,10,5,8,13,10,15,11,10,13,26,21,25,6,5,85
11108,清水区,茂畑,269,5,11,10,18,10,15,7,4,15,27,24,14,13,21,15,24,17,19,84
11109,清水区,山切,1659,49,66,73,67,66,64,78,99,120,116,74,82,149,212,149,86,53,56,617
11110,清水区,吉原,512,7,16,11,16,23,21,20,30,22,22,37,42,35,57,26,37,32,58,189
11201,清水区,興津東町,780,17,36,35,36,44,26,34,43,52,46,49,43,62,88,51,46,34,38,291
11202,清水区,興津井上町,378,14,10,8,8,13,20,21,16,20,29,26,23,35,38,32,27,18,20,148
11203,清水区,興津清見寺町,701,14,9,27,27,21,20,28,28,36,40,50,43,50,84,63,50,62,49,289
11204,清水区,興津中町,4758,158,161,183,253,239,233,265,243,308,344,311,325,339,428,291,286,205,186,1998
11205,清水区,興津本町,1127,28,26,36,55,36,28,38,57,71,78,90,68,87,109,97,74,73,76,486
11206,清水区,承元寺町,423,14,13,15,10,9,10,19,13,25,15,12,22,28,32,29,27,29,101,242
11207,清水区,谷津町一丁目,949,67,63,58,28,30,57,77,74,67,60,47,51,63,83,25,36,34,29,351
11208,清水区,谷津町二丁目,189,6,3,4,13,9,7,11,4,12,16,7,13,21,14,20,12,8,9,74
11209,清水区,八木間町,3526,134,147,198,197,186,168,158,203,292,269,245,201,203,322,208,161,121,113,1380
11301,清水区,小島町,1938,75,87,64,75,77,90,104,124,130,130,113,132,170,200,130,112,55,70,742
11302,清水区,小島本町,279,10,11,10,7,12,8,13,16,25,15,12,20,33,36,17,15,10,9,108
11303,清水区,小河内,1285,26,34,37,52,55,57,47,45,65,73,73,97,117,147,92,108,65,95,491
11304,清水区,宍原,640,13,14,14,18,28,20,26,38,41,45,29,65,65,85,41,36,19,43,314
11305,清水区,立花,216,7,7,8,5,6,8,15,5,15,7,14,16,28,21,14,11,16,13,78
11306,清水区,但沼町,1091,24,36,60,53,39,52,48,46,61,64,59,77,97,124,68,72,45,66,384
11401,清水区,大平,199,5,6,9,11,4,4,5,14,15,8,15,11,18,20,13,12,14,15,78
11402,清水区,清地,228,4,4,5,10,10,5,11,7,4,20,12,16,20,30,19,15,11,25,97
11403,清水区,河内,368,9,17,11,14,5,15,19,18,19,13,15,36,31,42,29,27,23,25,137
11404,清水区,茂野島,184,7,6,5,3,7,11,5,16,10,6,9,16,17,23,10,10,15,8,81
11405,清水区,高山,89,0,1,2,3,2,1,5,2,3,7,4,7,8,11,11,5,7,10,35
11406,清水区,葛沢,190,6,4,6,7,9,12,6,10,9,9,15,19,10,16,11,16,11,14,62
11407,清水区,土,44,0,3,1,0,0,0,1,3,6,0,4,3,3,7,6,2,2,3,19
11408,清水区,中河内,1016,11,20,26,23,52,49,31,31,52,73,76,97,104,97,78,78,53,65,492
11409,清水区,西里,278,2,5,11,8,12,8,8,15,13,22,24,10,20,36,23,23,17,21,106
11410,清水区,布沢,178,5,14,3,13,6,5,7,9,12,9,12,12,11,16,14,7,9,14,60
11411,清水区,和田島,294,6,3,5,25,10,4,15,13,20,22,18,17,14,49,30,12,12,19,102
31001,清水区,蒲原,2490,105,93,109,145,136,186,178,153,190,176,173,138,127,188,142,97,85,69,1033
31002,清水区,蒲原一丁目,748,22,26,42,33,23,23,29,51,65,39,49,34,62,96,53,39,31,31,287
31003,清水区,蒲原二丁目,447,8,8,11,15,15,13,12,28,31,22,26,32,43,64,26,35,26,32,182
31004,清水区,蒲原三丁目,898,23,22,29,36,38,35,34,42,58,60,62,50,62,89,72,77,48,61,344
31005,清水区,蒲原四丁目,1040,17,35,49,49,29,46,47,44,62,70,56,71,80,101,96,82,52,54,428
31006,清水区,蒲原小金,776,20,22,40,35,40,26,27,30,56,55,55,62,46,57,74,56,34,41,290
31007,清水区,蒲原中,1334,27,43,49,69,50,39,34,66,92,88,86,72,84,150,123,95,80,87,524
31008,清水区,蒲原堰沢,643,8,13,22,21,25,19,24,32,39,43,44,43,49,72,45,55,41,48,267
31009,清水区,蒲原神沢,866,19,12,27,40,33,34,35,40,54,48,64,58,48,82,66,56,70,80,373
31010,清水区,蒲原新田一丁目,549,25,15,20,29,31,25,32,38,27,36,37,38,31,40,40,33,26,26,231
31011,清水区,蒲原新田二丁目,581,14,22,26,23,13,17,22,34,36,36,41,35,49,55,40,41,32,45,231
31012,清水区,蒲原新栄,528,16,24,29,16,29,13,17,37,49,38,28,37,42,57,35,32,19,10,204
31013,清水区,蒲原東,727,28,30,28,45,24,20,42,46,55,69,41,37,55,66,62,40,26,13,276
41001,清水区,由比阿僧,879,24,30,44,60,42,45,42,32,74,51,74,66,55,62,32,44,45,57,310
41002,清水区,由比今宿,936,9,15,31,33,35,33,37,34,50,67,62,60,62,109,67,83,71,78,366
41003,清水区,由比入山,687,15,26,28,32,18,14,27,38,45,42,31,45,75,78,42,44,35,52,255
41004,清水区,由比北田,869,26,26,24,34,43,41,51,53,58,52,48,56,65,72,59,54,42,65,345
41005,清水区,由比寺尾,446,10,16,12,18,21,16,15,21,24,32,23,24,38,56,31,29,25,35,165
41006,清水区,由比西倉澤,144,3,0,2,5,5,9,2,4,4,6,12,6,10,22,13,19,12,10,60
41007,清水区,由比西山寺,170,5,5,6,5,9,8,9,8,7,5,7,18,16,16,8,10,14,14,54
41008,清水区,由比東倉澤,66,3,2,1,2,3,2,2,4,3,5,1,6,6,6,3,8,6,3,29
41009,清水区,由比東山寺,478,12,11,15,16,14,17,29,24,25,30,27,34,53,51,43,24,21,32,171
41010,清水区,由比町屋原,1587,45,47,63,70,74,68,70,78,115,101,96,118,103,162,119,101,72,85,586
41011,清水区,由比,2175,80,79,103,108,77,103,97,114,172,136,119,129,144,220,146,138,103,107,834